campaña,franja,tasa_conversion
A,mañana,2.2483570765056164
A,mañana,1.9308678494144076
A,mañana,2.3238442690503462
A,mañana,2.761514928204013
A,mañana,1.882923312638332
A,mañana,1.8829315215254097
A,mañana,2.7896064077536957
A,mañana,2.3837173645764542
A,mañana,1.765262807032524
A,mañana,2.2712800217929825
A,mañana,1.7682911535937689
A,mañana,1.7671351232148715
A,mañana,2.1209811357830173
A,mañana,1.043359877671101
A,mañana,1.1375410837434836
A,mañana,1.7188562353795136
A,mañana,1.4935844398327882
A,mañana,2.157123666297637
A,mañana,1.5459879622393946
A,mañana,1.2938481493323541
A,mañana,2.732824384460777
A,mañana,1.887111849756732
A,mañana,2.033764102343962
A,mañana,1.2876259068932716
A,mañana,1.7278086377374087
A,mañana,2.055461294854933
A,mañana,1.4245032112888487
A,mañana,2.1878490091728358
A,mañana,1.6996806550405976
A,mañana,1.8541531251033616
A,mañana,1.6991466938853015
A,mañana,2.926139092254469
A,mañana,1.993251387631033
A,mañana,1.4711445355220498
A,mañana,2.4112724560515946
A,mañana,1.3895781750144889
A,mañana,2.104431797502378
A,mañana,1.020164938060112
A,mañana,1.3359069755507846
A,mañana,2.0984306179345618
A,mañana,2.3692332899977053
A,mañana,2.085684140594985
A,mañana,1.9421758588058797
A,mañana,1.8494481522053556
A,mañana,1.2607390048162863
A,mañana,1.6400778958026456
A,mañana,1.7696806145201063
A,mañana,2.5285611131094576
A,mañana,2.1718091447842305
A,mañana,1.118479922318633
A,mañana,2.1620419846973977
A,mañana,1.8074588597918417
A,mañana,1.6615389998470207
A,mañana,2.305838144420434
A,mañana,2.5154997612479755
A,mañana,2.4656400595580994
A,mañana,1.5803912383886807
A,mañana,1.8453938120743927
A,mañana,2.165631715701782
A,mañana,2.4877725635611796
A,mañana,1.760412881077355
A,mañana,1.9071705116680915
A,mañana,1.446832512996986
A,mañana,1.4018966879596646
A,mañana,2.406262911197099
A,mañana,2.6781200142854114
A,mañana,1.963994939209833
A,mañana,2.501766448946012
A,mañana,2.180818012523817
A,mañana,1.6774401226974378
A,mañana,2.180697802754207
A,mañana,2.7690182832329846
A,mañana,1.9820869804450243
A,mañana,2.782321827907003
A,mañana,0.6901274479551278
A,mañana,2.410951252187612
A,mañana,2.0435235341190854
A,mañana,1.8504963247670663
A,mañana,2.045880388267751
A,mañana,1.0062155426995536
A,mañana,1.890164056081244
A,mañana,2.178556285755873
A,mañana,2.738947022370758
A,mañana,1.7408648908631763
A,mañana,1.5957531985534061
A,mañana,1.7491214782077318
A,mañana,2.457701058851037
A,mañana,2.1643755548298422
A,mañana,1.7351198981164806
A,mañana,2.256633716556678
A,mañana,2.0485387746740202
A,mañana,2.4843224952664444
A,mañana,1.6489734530613238
A,mañana,1.8361689267011159
A,mañana,1.8039459234339212
A,mañana,1.2682425259339407
A,mañana,2.148060138532288
A,mañana,2.1305276360899446
A,mañana,2.0025567283212307
A,mañana,1.8827064333124266
A,mañana,1.2923146289747929
A,mañana,1.7896773386173206
A,mañana,1.8286427417366153
A,mañana,1.5988613653891905
A,mañana,1.9193571441669954
A,mañana,2.202025428407269
A,mañana,2.943092950605265
A,mañana,2.0872889064159197
A,mañana,2.1287751953613823
A,mañana,1.9627770421169164
A,mañana,1.0406143923504794
A,mañana,1.9867430622753917
A,mañana,2.030115104970513
A,mañana,3.231621056242643
A,mañana,1.9038195176094388
A,mañana,2.150773671166806
A,mañana,1.9826441151473784
A,mañana,1.4156609811902339
A,mañana,2.5714114072575103
A,mañana,2.375966516343387
A,mañana,2.3955159735215235
A,mañana,1.5453062726026305
A,mañana,2.7013971554680496
A,mañana,1.2990744686038596
A,mañana,2.293428546900135
A,mañana,3.095227812904989
A,mañana,1.5047318374346559
A,mañana,1.716851135198614
A,mañana,2.049825682543821
A,mañana,1.7482621729419003
A,mañana,1.2246682844669337
A,mañana,2.0342814874030135
A,mañana,1.4688481431369476
A,mañana,2.236796215317591
A,mañana,1.5402878828830984
A,mañana,2.77496720250877
A,mañana,1.6083733538318814
A,mañana,1.8389692418971622
A,mañana,2.406758608684835
A,mañana,1.3845678417830225
A,mañana,2.113729967302065
A,mañana,2.653571377141214
A,mañana,1.1962583827193862
A,mañana,2.0923169292661523
A,mañana,2.129941397124212
A,mañana,2.390911435888655
A,mañana,1.381524644560959
A,mañana,1.3397716934578618
A,mañana,2.2609707828084487
A,mañana,2.148492336616593
A,mañana,2.1252464251729384
A,mañana,2.173224104748488
A,mañana,1.6599876392107547
A,mañana,2.116126848580502
A,mañana,2.146536236649341
A,mañana,1.642824290986816
A,mañana,2.9328872555723784
A,mañana,2.2369164604558938
A,mañana,1.4043482513986758
A,mañana,2.328276804316915
A,mañana,1.5126591648863392
A,mañana,2.393542301871226
A,mañana,2.579297789503702
A,mañana,1.5896588408241448
A,mañana,2.481688064622161
A,mañana,2.206390463468249
A,mañana,2.411030079997245
A,mañana,2.9483964913269736
A,mañana,1.8773059419985647
A,mañana,1.6231319178212553
A,mañana,1.5552427851872384
A,mañana,1.5920948575172809
A,mañana,1.961449145292948
A,mañana,2.170575987408322
A,mañana,2.1383453996650097
A,mañana,2.413591624518012
A,mañana,2.0065009459389533
A,mañana,2.726767038578658
A,mañana,1.867671583381022
A,mañana,3.3600845832948094
A,mañana,2.312833673882503
A,mañana,1.5714212217918586
A,mañana,1.464553750969444
A,mañana,2.2412362076215926
A,mañana,1.8882686073370745
A,mañana,2.357000247046046
A,mañana,2.2366188122867725
A,mañana,1.9635855436715637
A,mañana,1.5766031409657975
A,mañana,1.2425763876570677
A,mañana,1.7767425239664894
A,mañana,2.428199397161736
A,mañana,2.107046872065102
A,mañana,1.377130610644006
A,mañana,2.086590462925591
A,mañana,2.1926586898644183
A,mañana,1.5580712818994336
A,mañana,2.076862552972764
A,mañana,2.029104359223
A,mañana,1.4285148510846883
A,mañana,2.1788936801741414
A,mañana,2.280392263184117
A,mañana,2.5415256215876383
A,mañana,2.5269010260174514
A,mañana,1.3111653160214545
A,mañana,1.5310874800424386
A,mañana,2.25751763360433
A,mañana,2.2568929754561045
A,mañana,2.257523843153024
A,mañana,3.9263657453273604
A,mañana,2.2854452553465836
A,mañana,2.5677828200902995
A,mañana,2.4770008817466014
A,mañana,2.325695625652899
A,mañana,1.8423653776798272
A,mañana,2.379484610246634
A,mañana,1.613587392731214
A,mañana,1.8815906966299956
A,mañana,1.7573182260854483
A,mañana,2.0409370696931615
A,mañana,3.1573292833367543
A,mañana,1.066367403704126
A,mañana,2.3431300951872567
A,mañana,1.1936420644051742
A,mañana,1.7640340671052832
A,mañana,2.544475298483683
A,mañana,2.0321400095477316
A,mañana,1.461127611035347
A,mañana,1.642348145370016
A,mañana,2.3397988744673377
A,mañana,1.6348166841414318
A,mañana,2.1082292947909873
A,mañana,2.022785919951907
A,mañana,1.6741998261970914
A,mañana,3.0719720446626626
A,mañana,2.3169595111590056
A,mañana,0.9874287066711964
A,mañana,2.093227157384714
A,mañana,1.669106767615806
A,mañana,2.426216667398112
A,mañana,1.6037396307836498
A,mañana,1.9426317792665504
A,mañana,2.2524936394902286
A,mañana,2.432877597085061
A,mañana,1.3998517964721118
A,mañana,1.8327493820795258
A,mañana,1.762527344419522
A,mañana,1.6733353837131442
A,mañana,2.882727120140548
A,mañana,2.2024908554804776
A,mañana,1.3695580228324773
A,mañana,2.458930973527388
A,mañana,3.0610780985063166
A,mañana,2.5162326302755735
A,mañana,1.2403150170229933
A,mañana,1.7578829635668742
A,mañana,2.6334555745933113
A,mañana,1.6461652671906095
A,mañana,2.221909714073114
A,mañana,2.387317026714668
A,mañana,1.5365347642109586
A,mañana,1.9702373219691
A,mañana,0.3793663299654637
A,mañana,1.4878061793328552
A,mañana,1.8737159243034198
A,mañana,1.3761084090175753
A,mañana,2.8162056519658174
A,mañana,1.2849293110196838
A,mañana,1.779977756651508
A,mañana,2.0653702886430456
A,mañana,2.720636644533058
A,mañana,1.2820689244102803
A,mañana,2.58158187607748
A,mañana,2.0051165305097935
A,mañana,1.5092456744760245
A,mañana,2.231051737131635
A,mañana,2.099529847786735
A,mañana,1.6998915614206027
A,mañana,2.0349010424950094
A,mañana,1.80734320156912
A,mañana,2.056758672625624
A,mañana,2.3310653372605232
A,mañana,2.793008408072676
A,mañana,1.3810922505865755
A,mañana,3.066516687328133
A,mañana,1.023956100238749
A,mañana,1.9241074524822084
A,mañana,2.2941586032422885
A,mañana,2.1404959338675162
A,mañana,1.6886502400897032
A,mañana,1.8959388748213624
A,mañana,1.7534995326705836
A,mañana,1.7053176215278942
A,mañana,2.4248010485105125
A,mañana,2.1785077429825237
A,mañana,1.6535452023696728
A,mañana,2.4497999377166253
A,mañana,2.1536497604383045
A,mañana,2.40643105941948
A,mañana,2.314814420961806
A,mañana,1.585502494538964
A,mañana,1.7199094799015153
A,mañana,2.373646802561631
A,mañana,2.3051851327167325
A,mañana,1.989549203017926
A,mañana,2.058663691654391
A,mañana,2.6388324478942122
A,mañana,1.704214305582085
A,mañana,2.273548690585019
A,mañana,1.898903673783053
A,mañana,1.89115939838639
A,mañana,2.549388425993595
A,mañana,2.412708174494015
A,mañana,2.4067548180003193
A,mañana,2.6527394035771645
A,mañana,2.0105019208163797
A,mañana,2.3409764856474817
A,mañana,1.844866621703272
A,mañana,2.162083176244221
A,mañana,1.9349284728161578
A,mañana,2.048497982496359
A,mañana,2.2975785127184567
A,mañana,1.5908896583832637
A,mañana,3.0461936378427303
A,mañana,1.496991309250149
A,mañana,1.392905693606134
A,mañana,2.579055436750034
A,mañana,2.395831346981468
A,mañana,2.3120599085260776
A,mañana,2.31417275463214
A,mañana,1.9938766135765427
A,mañana,1.5513728142570842
A,mañana,2.0379022790968633
A,mañana,1.661419144243944
A,mañana,2.4875598667088754
A,mañana,1.9264713092489307
A,mañana,1.5872514016037442
A,mañana,1.8393070791735033
A,mañana,2.2064657271378123
A,mañana,1.7181377235980126
A,mañana,1.5888898022167843
A,mañana,2.121843605745956
A,mañana,2.1224832855543614
A,mañana,1.7465284123144351
A,mañana,1.7644808471908386
A,mañana,2.116024968678818
A,mañana,1.2759578292513378
A,mañana,1.2962681128117224
A,mañana,1.640777889373782
A,mañana,1.8932764241440765
A,mañana,2.155453782799002
A,mañana,2.737678108474776
A,mañana,2.42882981160101
A,mañana,1.9200307350182864
A,mañana,1.9904918960486555
A,mañana,1.4987353176810956
A,mañana,1.990743432003805
A,mañana,1.8556706805399308
A,mañana,2.161359280169045
A,mañana,1.5863845282238385
A,mañana,2.259673257120586
A,mañana,2.766369456501289
A,mañana,1.9456199257715712
A,mañana,2.2008558610494706
A,mañana,2.345071995855556
A,mañana,1.799389764057082
A,mañana,2.1120462409052085
A,mañana,2.0062962003908975
A,mañana,2.048838049274416
A,mañana,1.6134951080722668
A,mañana,2.0122550871294713
A,mañana,2.248999145622725
A,mañana,2.725571803897521
A,mañana,2.4796354130426033
A,mañana,3.0765912287557784
A,mañana,1.6163262185559752
A,mañana,2.436160318360339
A,mañana,2.091671002869176
A,mañana,3.094901466608836
A,mañana,1.5958508573224242
A,mañana,1.580139078909612
A,mañana,1.700303677277989
A,mañana,0.9380521378450966
A,mañana,1.7371224891596195
A,mañana,1.620433669223151
A,mañana,2.075196893238104
A,mañana,2.1708779878885798
A,mañana,2.938085419607943
A,mañana,2.475211919093025
A,mañana,1.7115481721687984
A,mañana,1.550792664325821
A,mañana,2.245959585753253
A,mañana,1.3398833964896788
A,mañana,2.915729382927177
A,mañana,2.5897200603606434
A,mañana,1.7654121739476476
A,mañana,1.1434327354545613
A,mañana,2.676936187082706
A,mañana,1.942730077373691
A,mañana,2.618908155986731
A,mañana,1.2027861706028165
A,mañana,1.7003124885231136
A,mañana,2.0026218498590915
A,mañana,2.023490296882371
A,mañana,1.7749672642603782
A,mañana,2.3114249661737496
A,mañana,1.466189785308703
A,mañana,1.9288102574893533
A,mañana,2.0601478158559496
A,mañana,2.2572194170293747
A,mañana,2.355807439044445
A,mañana,1.4376789540810653
A,mañana,1.2329429146321889
A,mañana,2.6388384109492544
A,mañana,2.166157005989796
A,mañana,1.6257567317217232
A,mañana,2.7755759877612616
A,mañana,2.0578373171464293
A,mañana,2.589648592031913
A,mañana,2.0337592407050544
A,mañana,3.0303739624409936
A,mañana,2.877670421221602
A,mañana,1.8755179257604633
A,mañana,2.4857854754771775
A,mañana,2.322687974792574
A,mañana,2.6843157787661744
A,mañana,1.5175382697099478
A,mañana,2.3430257299992197
A,mañana,2.529212243424794
A,mañana,1.1206302567884427
A,mañana,1.4083707436671125
A,mañana,0.9803839111199497
A,mañana,1.865296582777721
A,mañana,2.358771127897981
A,mañana,2.751178526048014
A,mañana,2.037047390209888
A,mañana,2.814307772785646
A,mañana,1.3099492708925542
A,mañana,1.1483087803224228
A,mañana,1.9722261505516907
A,mañana,2.192032724469654
A,mañana,1.9836526259529534
A,mañana,0.9662789499800617
A,mañana,1.9554399802436058
A,mañana,1.3477652497475734
A,mañana,2.3348362744150193
A,mañana,2.183299123048424
A,mañana,1.5300601068363224
A,mañana,1.7430665413316533
A,mañana,1.4703932390555243
A,mañana,1.968660451363414
A,mañana,2.477571160250619
A,mañana,1.507136976832228
A,mañana,2.252023257758922
A,mañana,1.7348711908137795
A,mañana,1.6035635838688278
A,mañana,1.9464848200227212
A,mañana,1.482378838790313
A,mañana,1.7231753473264089
A,mañana,1.4010610537055759
A,mañana,2.9823625664581948
A,mañana,2.017631775985864
A,mañana,1.6501372460037071
A,mañana,2.106989955367111
A,mañana,1.943835975154585
A,mañana,1.8895152002333886
A,mañana,2.3070833500217125
A,mañana,2.3787538550236524
A,mañana,1.7347494261947363
A,mañana,1.71209087967766
A,mañana,1.862474151424178
A,mañana,0.8490394176322076
A,mañana,1.2424044689007239
A,mañana,2.6834371337222622
A,mañana,2.822483856750642
A,mañana,1.8754819802218108
A,mañana,2.2882784815278834
A,mañana,2.155625077271768
A,mañana,3.539440404227619
A,mañana,2.5597874557172884
A,mañana,1.9360412042596167
A,mañana,1.5222297796997872
A,mañana,1.1967768398712137
A,mañana,2.1017318179336115
A,mañana,1.6218246273578483
A,mañana,1.2888731452011628
A,mañana,1.6767135578787367
A,mañana,1.4592259981928026
A,mañana,2.8435708175362824
A,mañana,2.4408198784747253
A,mañana,1.9960136793416914
A,mañana,2.739972069445013
A,mañana,2.038684153823809
A,mañana,1.5693578993358681
A,mañana,2.7615620386348287
A,mañana,2.2694550218423295
A,mañana,1.481376922836772
A,mañana,1.904830660958196
A,mañana,1.5621908733076215
A,mañana,1.308600134517832
A,mañana,2.4630887737658207
A,mañana,2.9547083202350652
A,mañana,1.3007162130904293
A,mañana,2.2814846183452855
A,mañana,1.6746787154390865
A,mañana,1.7564373081176519
A,mañana,1.7038030378805655
A,mañana,1.568004615160092
A,mañana,2.0242608139724134
A,mañana,1.5845249417944811
A,mañana,2.1352284128899193
A,mañana,1.9748809452754315
A,mañana,1.8805259765667952
A,mañana,1.546218168979201
A,mañana,1.7116143347158337
A,mañana,2.377695612912878
A,mañana,2.2504585938121906
A,mañana,1.5112223776007245
A,mañana,2.0496661527146127
A,mañana,2.3756935616858943
A,mañana,1.1652973594393141
A,mañana,2.2716800961899675
A,mañana,1.6686881205270767
A,mañana,2.2852993342965795
A,mañana,1.6183704217287416
A,mañana,1.0975589496677405
A,mañana,1.1862287810584187
A,mañana,2.024042473330691
A,mañana,2.129861250860741
A,mañana,1.5478416874477956
A,mañana,2.319296229388687
A,mañana,1.16923996886552
A,mañana,1.9669601006763417
A,mañana,1.3944919001187717
A,mañana,1.6740819460989205
A,mañana,2.023699335658207
A,mañana,1.5697933173580239
A,mañana,1.8077222278850873
A,mañana,2.5031464046072203
A,mañana,1.7115540652384256
A,mañana,2.417846056032571
A,mañana,1.435146572671191
A,mañana,2.2649020889576414
A,mañana,2.72078431032895
A,mañana,0.7641777499363553
A,mañana,1.6015523722647615
A,mañana,2.28853606359027
A,mañana,1.8984773069785037
A,mañana,2.1855729366856544
A,mañana,1.6980074066420898
A,mañana,2.04329489373645
A,mañana,1.9221613823039603
A,mañana,2.5838910308299035
A,mañana,2.1272104216506067
A,mañana,2.168801331037601
A,mañana,1.7940615169387664
A,mañana,1.7561968879637533
A,mañana,1.7837209060901895
A,mañana,2.1972260711891485
A,mañana,1.7895077595898685
A,mañana,2.1448874284482065
A,mañana,3.0377003993227194
A,mañana,2.4355623517158462
A,mañana,1.8369882339160795
A,mañana,2.600606961081972
A,mañana,1.7959623134892242
A,mañana,0.9809377324110731
A,mañana,1.4959568445412978
A,mañana,1.0646040394870722
A,mañana,1.8242432579793457
A,mañana,2.0092091895947757
A,mañana,2.8382186561376415
A,mañana,2.163463686882081
A,mañana,1.8904497355955678
A,mañana,2.4147027905917446
A,mañana,0.8944323454960574
A,mañana,2.117807279054283
A,mañana,2.3854325969434833
A,mañana,1.2607068771100791
A,mañana,2.5718770216034645
A,mañana,2.169248203747207
A,mañana,1.7923560430495993
A,mañana,2.3163909330531425
A,mañana,3.135346428902198
A,mañana,2.0909331275292478
A,mañana,2.124110293150168
A,mañana,1.7703195502298779
A,mañana,1.5750778152676042
A,mañana,2.4151679082721227
A,mañana,1.5719580870455663
A,mañana,2.035783118609696
A,mañana,1.7611712766174417
A,mañana,2.239489912873196
A,mañana,2.166831052643474
A,mañana,2.5187699721289496
A,mañana,1.7449918005726266
A,mañana,1.8650625323533143
A,mañana,1.5106181421088463
A,mañana,1.777853369961944
A,mañana,2.188650246522426
A,mañana,2.3784943083226757
A,mañana,1.5389173379111873
A,mañana,2.43480296005283
A,mañana,2.6778189294024752
A,mañana,2.2067174516118504
A,mañana,2.938397906279033
A,mañana,1.6131054004482135
A,mañana,1.3776726483442916
A,mañana,1.1106398755478608
A,mañana,2.7480221557445916
A,mañana,2.327182828177029
A,mañana,1.9722076645447724
A,mañana,2.13998431315991
A,mañana,1.4372554763508116
A,mañana,3.222875989808413
A,mañana,2.0646105909876136
A,mañana,2.0546973973024465
A,mañana,2.362883311949346
A,mañana,2.240504615868357
A,mañana,2.111942012139566
A,mañana,1.604762772277344
A,mañana,2.235734178567998
A,mañana,2.941012248237517
A,mañana,2.6727100230774887
A,mañana,2.7965933133196987
A,mañana,1.7443921617844074
A,mañana,1.5051975898707095
A,mañana,1.937106539950176
A,mañana,2.0278624561443475
A,mañana,2.547095759235474
A,mañana,1.1537676851425904
A,mañana,2.764775159730307
A,mañana,1.9209960507105053
A,mañana,1.78655946502629
A,mañana,1.4939478123699161
A,mañana,1.1725716640671153
A,mañana,2.4115852919809573
A,mañana,2.0366589835942017
A,mañana,1.355019550129473
A,mañana,1.352460613968192
A,mañana,1.8321076503549358
A,mañana,2.8345107626446966
A,mañana,1.8702043243181976
A,mañana,1.248428523440947
A,mañana,1.877128467957028
A,mañana,1.8636382151261648
A,mañana,0.6515566785292142
A,mañana,1.9728525667410939
A,mañana,1.884532734895661
A,mañana,2.3481031824067093
A,mañana,2.9244780474726726
A,mañana,2.5632825147738787
A,mañana,1.8655556547225847
A,mañana,1.4467370456291648
A,mañana,3.28667990162493
A,mañana,2.029609217007244
A,mañana,2.006964645956473
A,mañana,1.9879374564449983
A,mañana,2.0990423803839273
A,mañana,1.9278197940380288
A,mañana,1.7131689965598818
A,mañana,1.726570529379804
A,mañana,1.9836233648920008
A,mañana,1.7282876144331176
A,mañana,1.6435771086614177
A,mañana,2.0532151138459485
A,mañana,1.8725113912895723
A,mañana,2.7519964942913444
A,mañana,0.674515095803494
A,mañana,2.545753425961231
A,mañana,2.6230425962488146
A,mañana,0.9633048837959253
A,mañana,1.8286562029598257
A,mañana,1.8142795670021044
A,mañana,1.2962441526410893
A,mañana,1.6110916562045623
A,mañana,1.4447120772670856
A,mañana,2.8761352217118112
A,mañana,2.4678391965737307
A,mañana,2.6357775474970793
A,mañana,2.3608360320216177
A,mañana,1.4354741143913854
A,mañana,1.7377398668601132
A,mañana,2.244687280613959
A,mañana,1.3889360955540273
A,mañana,2.356499215086194
A,mañana,1.8798373009209324
A,mañana,1.8125895962252012
A,mañana,2.3554799841017457
A,mañana,2.22213165574302
A,mañana,1.8195169170904602
A,mañana,2.579664901682124
A,mañana,1.4594683362000513
A,mañana,2.307967803472132
A,mañana,2.2965506289841917
A,mañana,1.845226780343005
A,mañana,2.163066511121059
A,mañana,1.3744432118073484
A,mañana,2.4620135096034503
A,mañana,1.9075489317785055
A,mañana,1.7386384897404803
A,mañana,2.5245046129184447
A,mañana,1.6478281547286204
A,mañana,1.2957693518182203
A,mañana,1.2216854132380481
A,mañana,2.30300497567282
A,mañana,1.3597853237518585
A,mañana,2.8773970909921824
A,mañana,0.959035296058139
A,mañana,2.848228184145019
A,mañana,2.1055087336013094
A,mañana,1.9516434440648038
A,mañana,1.7275404565955252
A,mañana,2.1995680571760357
A,mañana,1.9811826487875759
A,mañana,2.5516509410082606
A,mañana,2.0571138243310196
A,mañana,2.0751508807309387
A,mañana,1.818193893893072
A,mañana,1.9715271881394663
A,mañana,2.1539008844460295
A,mañana,1.144915803671687
A,mañana,1.3259072889471435
A,mañana,2.3716320470113574
A,mañana,2.085432719063971
A,mañana,1.9080083318236605
A,mañana,2.0092169665326964
A,mañana,2.1737908526808356
A,mañana,1.7301201598453193
A,mañana,1.6108476372988436
A,mañana,2.097922627548841
A,mañana,1.510813611192484
A,mañana,2.2041263778572358
A,mañana,1.1487081978810798
A,mañana,2.514577818662822
A,mañana,2.2362987412065216
A,mañana,2.1280148671569377
A,mañana,2.491345491972757
A,mañana,2.8327372222312883
A,mañana,2.5071850325090654
A,mañana,1.0795628843341774
A,mañana,1.3602115166321491
A,mañana,1.6875907111521606
A,mañana,2.013045525105417
A,mañana,2.2588295102345617
A,mañana,1.6371280934232673
A,mañana,2.0933833822385393
A,mañana,1.6223085338233387
A,mañana,1.694241098504026
A,mañana,1.2966694515758888
A,mañana,1.5383833769445479
A,mañana,1.3241576971918332
A,mañana,1.5120633735113336
A,mañana,2.52682089830392
A,mañana,1.5253005555840284
A,mañana,3.316191032418695
A,mañana,2.2466589504404446
A,mañana,2.092418061847437
A,mañana,1.5708211099093932
A,mañana,2.350154939704496
A,mañana,1.7121810868811131
A,mañana,2.0610049073226806
A,mañana,3.2800422691343973
A,mañana,1.951970050137675
A,mañana,2.574636663142838
A,mañana,1.6484117874370563
A,mañana,1.9825057547515192
A,mañana,2.885400317817755
A,mañana,1.6865164711061162
A,mañana,2.9062242789984642
A,mañana,2.353875967727738
A,mañana,1.7187666120528662
A,mañana,2.3162038695277607
A,mañana,2.486277224813365
A,mañana,2.310904981108598
A,mañana,1.214887640054772
A,mañana,1.6364314120875658
A,mañana,1.8762406822242477
A,mañana,1.962783285449977
A,mañana,2.310336048775339
A,mañana,2.088850500466627
A,mañana,1.3323278206449494
A,mañana,2.1900989255029817
A,mañana,2.3052928726419117
A,mañana,2.2798952239655197
A,mañana,2.540390362777311
A,mañana,2.416961077274452
A,mañana,2.2295900396142185
A,mañana,1.9649171442706765
A,mañana,1.1695195332420043
A,mañana,2.2148091095662927
A,mañana,2.1038438435815556
A,mañana,2.1357894185976867
A,mañana,1.3616257120898454
A,mañana,1.4594717297958688
A,mañana,2.526576426666452
A,mañana,1.9802224230716725
A,mañana,2.340750348686312
A,mañana,2.0141591880652308
A,mañana,2.0148780697478728
A,tarde,2.4691419029879986
A,tarde,1.741977635891313
A,tarde,2.0480603884704918
A,tarde,1.7688623556474787
A,tarde,1.7827518862838423
A,tarde,1.8454139382656802
A,tarde,2.1110668858168564
A,tarde,1.7606256891682612
A,tarde,2.6278780627867606
A,tarde,1.552696348890248
A,tarde,1.9065641779193205
A,tarde,1.7801344708629125
A,tarde,2.7234889421768664
A,tarde,2.0982773882557875
A,tarde,2.5159222697343173
A,tarde,1.257219813481514
A,tarde,2.133525132934629
A,tarde,2.4448153978117184
A,tarde,2.0411419946377123
A,tarde,2.5327401875326756
A,tarde,1.7413557749498139
A,tarde,2.70467372009279
A,tarde,3.149449061809625
A,tarde,1.8185807197801704
A,tarde,1.7772487392996141
A,tarde,2.7266922385588503
A,tarde,2.7897860728653563
A,tarde,1.738569986423366
A,tarde,1.7899065914520713
A,tarde,1.8591076955697463
A,tarde,1.3277747444828614
A,tarde,1.5406740267579009
A,tarde,1.4979296166239662
A,tarde,1.6161012174479357
A,tarde,1.9826575563066093
A,tarde,2.1171073662682605
A,tarde,2.7752502464070385
A,tarde,1.5008229796306045
A,tarde,2.492161199238292
A,tarde,1.8930055778872454
A,tarde,1.9752681451737835
A,tarde,2.337409746083302
A,tarde,1.4386389892188507
A,tarde,2.1912048730920253
A,tarde,2.083226104106528
A,tarde,2.2462256320040748
A,tarde,2.144584321953909
A,tarde,3.2276500699554473
A,tarde,1.681130007874342
A,tarde,1.7345015224990912
A,tarde,1.6884297367876178
A,tarde,1.7222614404198726
A,tarde,1.6813064363467412
A,tarde,2.5945082655537757
A,tarde,2.7102521239949273
A,tarde,1.714626853125262
A,tarde,1.5838222134478857
A,tarde,2.235707778193202
A,tarde,1.7238884778595143
A,tarde,2.3164659088777553
A,tarde,2.1014615104256498
A,tarde,1.242127942501384
A,tarde,2.7737526006650306
A,tarde,2.8979388365477607
A,tarde,1.6936056547578069
A,tarde,1.806149220032008
A,tarde,2.1429326953624526
A,tarde,2.1672283949935123
A,tarde,2.329272136336415
A,tarde,3.005102269383175
A,tarde,1.9115263862529752
A,tarde,1.6008513777307731
A,tarde,1.3103403859927365
A,tarde,1.6345349800290405
A,tarde,1.9834365135631014
A,tarde,2.897278931758894
A,tarde,1.7411943504819143
A,tarde,2.111893975819449
A,tarde,1.991788551963624
A,tarde,2.594196636724042
A,tarde,3.2634662129368106
A,tarde,1.7345656135398397
A,tarde,1.755280278740889
A,tarde,2.522080438534536
A,tarde,2.3409457448131556
A,tarde,2.923353662868017
A,tarde,2.291964092662982
A,tarde,1.8203539546064702
A,tarde,2.2953274153461547
A,tarde,2.554351790291454
A,tarde,2.410241090598682
A,tarde,2.253637015553649
A,tarde,2.533337344794577
A,tarde,2.5846477952228364
A,tarde,2.6910794955187636
A,tarde,2.3243549437948214
A,tarde,1.9164409598415728
A,tarde,2.0733568432166614
A,tarde,2.6032544832541786
A,tarde,1.591532164506382
A,tarde,2.1843366544364504
A,tarde,1.8033305938363196
A,tarde,2.014372411467409
A,tarde,2.6392259313036495
A,tarde,2.0955495340099515
A,tarde,2.0232182740780744
A,tarde,1.3200719295100405
A,tarde,2.3731267830136105
A,tarde,2.3227420905705376
A,tarde,3.08162736165273
A,tarde,1.8461108825234995
A,tarde,2.1095751638319693
A,tarde,2.1246918418553777
A,tarde,2.7887266398817374
A,tarde,1.952352233806524
A,tarde,2.1395107628851697
A,tarde,2.3039482548582697
A,tarde,2.093304561578179
A,tarde,1.776783192724736
A,tarde,2.0970449964491538
A,tarde,2.536815874929886
A,tarde,1.4867423502944699
A,tarde,2.066484837073438
A,tarde,1.6499395925304134
A,tarde,2.5975233144624212
A,tarde,1.2384065476081125
A,tarde,1.7205390763642059
A,tarde,2.1886059375322606
A,tarde,2.78276201461717
A,tarde,1.9671248694635062
A,tarde,1.7224002366534008
A,tarde,2.940578534720295
A,tarde,1.2759930497918779
A,tarde,0.900597021689959
A,tarde,2.220007225026666
A,tarde,1.7489728878236943
A,tarde,1.4893835914346434
A,tarde,2.3541782236496767
A,tarde,2.1219003568855994
A,tarde,1.7179606846316358
A,tarde,1.3598478006645527
A,tarde,2.4362286641400726
A,tarde,2.3251005889793306
A,tarde,1.9504120681103085
A,tarde,2.923318498023833
A,tarde,1.4649576168369238
A,tarde,1.2372374145376306
A,tarde,1.6540459650593777
A,tarde,1.977206991822251
A,tarde,2.121669724661346
A,tarde,1.8793819710718351
A,tarde,2.1760276982571485
A,tarde,1.374230287904778
A,tarde,2.72188230203663
A,tarde,1.9589244108037156
A,tarde,2.558647915794064
A,tarde,2.171362673188852
A,tarde,2.228376609576892
A,tarde,2.284883640116102
A,tarde,2.2238542800086574
A,tarde,2.321361379933772
A,tarde,2.6645762650662155
A,tarde,2.098260584850735
A,tarde,2.354501878794256
A,tarde,1.9551321528563865
A,tarde,2.720058607724736
A,tarde,1.661803848970365
A,tarde,2.9004702164554077
A,tarde,1.9799210246778283
A,tarde,1.284612448940976
A,tarde,2.0640522074553944
A,tarde,1.6594741712625596
A,tarde,2.420321774494362
A,tarde,1.6736880103488045
A,tarde,1.7769082833926102
A,tarde,1.0552296345272345
A,tarde,1.7738468403754617
A,tarde,0.7880603366855217
A,tarde,1.2080485882571383
A,tarde,2.3802073280721485
A,tarde,2.392900079325416
A,tarde,2.2127287808924825
A,tarde,1.5165119284353934
A,tarde,1.97614432192901
A,tarde,1.9981987304547157
A,tarde,1.4208176554037286
A,tarde,2.7516991508835753
A,tarde,2.438681145287836
A,tarde,1.889517913085168
A,tarde,2.0134429194972654
A,tarde,2.1041914039737764
A,tarde,0.9791325657878547
A,tarde,1.8764113087397016
A,tarde,1.6590078760011007
A,tarde,1.4991899950525422
A,tarde,1.8594498535570225
A,tarde,2.8988432634247614
A,tarde,2.320421430633505
A,tarde,1.7144105051086016
A,tarde,2.2862913906780795
A,tarde,2.699677718293001
A,tarde,2.4623168414563845
A,tarde,2.029815184960087
A,tarde,1.676531611147213
A,tarde,2.349111656806795
A,tarde,2.196742692710875
A,tarde,2.447596610013866
A,tarde,2.3175859008409847
A,tarde,2.5247763576596673
A,tarde,1.732382394219716
A,tarde,2.658697032817163
A,tarde,2.0987998023462
A,tarde,3.0376304363126327
A,tarde,1.655406090955216
A,tarde,2.867981901582625
A,tarde,2.098955391731324
A,tarde,1.6742909981927758
A,tarde,1.7580570829728392
A,tarde,1.8398263459028399
A,tarde,2.212082973200958
A,tarde,2.26141774401775
A,tarde,1.7131499980307106
A,tarde,1.9878227038695087
A,tarde,3.071135179305932
A,tarde,2.8637715850503556
A,tarde,2.2181618348370162
A,tarde,2.0190017390841
A,tarde,2.0600156633591307
A,tarde,2.3067589863652085
A,tarde,1.4886037174007973
A,tarde,1.8713117312883274
A,tarde,1.1657079630612053
A,tarde,2.1996115613026395
A,tarde,2.3235979698513707
A,tarde,1.758406768850313
A,tarde,2.7869933816450163
A,tarde,1.3871171684988295
A,tarde,1.26781255989509
A,tarde,2.112225909279986
A,tarde,2.523549151306077
A,tarde,2.8419638457289342
A,tarde,1.7705578685655299
A,tarde,2.539340416715648
A,tarde,1.9807457652496463
A,tarde,1.9136863500295902
A,tarde,2.441829968743336
A,tarde,2.32616143920671
A,tarde,1.2118039215078753
A,tarde,2.738270174862948
A,tarde,2.6900456770737255
A,tarde,1.6872186492452352
A,tarde,2.1979017667187044
A,tarde,2.2470150931413695
A,tarde,2.1303368829119536
A,tarde,1.7248474230772899
A,tarde,1.6641883160309743
A,tarde,1.9872229645042774
A,tarde,2.586364509629682
A,tarde,2.271800077297216
A,tarde,1.814692833956947
A,tarde,2.385849355324172
A,tarde,0.5757286896849623
A,tarde,2.5743828501860517
A,tarde,1.13014311061095
A,tarde,1.818779529298434
A,tarde,1.440165052686928
A,tarde,1.352659262139547
A,tarde,2.58041339368926
A,tarde,1.7661493993440542
A,tarde,2.1732519408653577
A,tarde,1.976539710560408
A,tarde,2.238520413611561
A,tarde,2.038410945530128
A,tarde,1.3585038879057152
A,tarde,2.49813340972357
A,tarde,1.7531217084193438
A,tarde,1.2217090506701245
A,tarde,1.7859424195170437
A,tarde,2.750379895317155
A,tarde,2.4251108710567464
A,tarde,1.8256739327960705
A,tarde,1.8253711478407857
A,tarde,1.8391824743913088
A,tarde,3.0383739917804204
A,tarde,2.1909677261157765
A,tarde,2.215020823595535
A,tarde,2.515141727015921
A,tarde,2.1193945795132567
A,tarde,1.8704789270896485
A,tarde,1.9018250754575108
A,tarde,1.964199370292968
A,tarde,1.981388881745079
A,tarde,2.36381477181849
A,tarde,2.0259729429036497
A,tarde,2.36632003860779
A,tarde,1.9596417099457089
A,tarde,2.039317595158045
A,tarde,1.0008996577339462
A,tarde,2.4581638373512407
A,tarde,2.1732442379489965
A,tarde,2.499005054929826
A,tarde,0.5518723109031554
A,tarde,3.044187352390364
A,tarde,1.9302051859224132
A,tarde,2.554091408368758
A,tarde,1.4800470364372345
A,tarde,2.306386952531285
A,tarde,1.4732922184131718
A,tarde,1.6881155196520974
A,tarde,2.957015676933393
A,tarde,1.9046587996183266
A,tarde,2.1087164365898614
A,tarde,2.4350338653443773
A,tarde,2.2478409439863025
A,tarde,2.075209452571788
A,tarde,2.1824805012331128
A,tarde,3.2017077926191373
A,tarde,1.9711906014832072
A,tarde,2.1005495233574836
A,tarde,2.525327198003806
A,tarde,2.552762966478992
A,tarde,2.5935151527801903
A,tarde,2.3193651110145925
A,tarde,1.4284975436347582
A,tarde,2.8167157661505478
A,tarde,1.426827303490656
A,tarde,2.1513177326195168
A,tarde,1.622862074990321
A,tarde,1.9679308267035038
A,tarde,2.16438120515174
A,tarde,2.1606786077251368
A,tarde,2.2109603771176425
A,tarde,2.8068556345293234
A,tarde,2.2267671507569897
A,tarde,1.8779216823546756
A,tarde,2.482043584144179
A,tarde,2.59473524446232
A,tarde,1.3861960924315038
A,tarde,2.298700034924929
A,tarde,2.3505863711554493
A,tarde,1.851218248320004
A,tarde,2.68785340665581
A,tarde,1.9249722064837367
A,tarde,2.0627882267357713
A,tarde,1.913464087858065
A,tarde,2.0077895237907337
A,tarde,1.4518624565523992
A,tarde,1.2799745587028528
A,tarde,2.797252531612486
A,tarde,1.576519325840836
A,tarde,1.5043038252718464
A,tarde,0.9233049431981426
A,tarde,1.6805191261552488
A,tarde,1.3384551032962508
A,tarde,2.8210075800681844
A,tarde,2.5049085446713173
A,tarde,1.655924827411138
A,tarde,3.1262179026721544
A,tarde,2.490882743495797
A,tarde,1.8375843082456889
A,tarde,0.7502971425632134
A,tarde,3.145471286295371
A,tarde,1.305213766618202
A,tarde,1.177300626521554
A,tarde,2.5112852160048202
A,tarde,3.2198762031696364
A,tarde,2.692136409255259
A,tarde,2.28195456002618
A,tarde,2.297377170832643
A,tarde,2.4267077793901537
A,tarde,2.3794642948933826
A,tarde,2.140595711984688
A,tarde,2.052100551975938
A,tarde,1.968703436050239
A,tarde,1.623017705566662
A,tarde,1.859662461566613
A,tarde,1.1535215929023073
A,tarde,1.950830186602625
A,tarde,1.5057044464245413
A,tarde,1.4482053413921145
A,tarde,2.089947075576739
A,tarde,2.6960011431722997
A,tarde,2.4591583030011566
A,tarde,1.2147496981884114
A,tarde,1.5051859317148313
A,tarde,2.470385593994108
A,tarde,1.5087563032308453
A,tarde,1.8876834250014878
A,tarde,2.275026049512276
A,tarde,1.5158277725681824
A,tarde,2.05268775307298
A,tarde,1.3329872525408977
A,tarde,1.699316178024393
A,tarde,2.1598909670712683
A,tarde,1.2035031332341655
A,tarde,2.2202373689801993
A,tarde,1.9901811005366594
A,tarde,2.2762449772085738
A,tarde,2.1119570670323307
A,tarde,2.682070214986922
A,tarde,2.0626122513239538
A,tarde,1.7852972294373735
A,tarde,2.061148751516142
A,tarde,2.271649014518194
A,tarde,2.0244300351628524
A,tarde,2.0202958456019413
A,tarde,1.6490041560966224
A,tarde,1.668549541224526
A,tarde,1.2986973641001534
A,tarde,2.8747883715934694
A,tarde,1.3780683823043574
A,tarde,1.6535474011020463
A,tarde,1.6407963672154013
A,tarde,2.4474621884722207
A,tarde,1.852525160853986
A,tarde,2.623871036336867
A,tarde,1.6632546878780659
A,tarde,2.139497081111901
A,tarde,1.5823264733701214
A,tarde,3.072574563886694
A,tarde,1.4062007904852436
A,tarde,2.154910355113514
A,tarde,2.316888440466049
A,tarde,2.2068995487257492
A,tarde,1.907356170561146
A,tarde,1.9350896501332868
A,tarde,2.021905735989555
A,tarde,1.9264989991857557
A,tarde,2.481939558397455
A,tarde,3.1052615007956756
A,tarde,1.7212541074960832
A,tarde,1.315098510210461
A,tarde,1.9558589758243725
A,tarde,3.289854668827159
A,tarde,1.5981627160151346
A,tarde,2.8195584027220337
A,tarde,2.8388504070382203
A,tarde,1.7232058791460028
A,tarde,2.2844915395926377
A,tarde,2.814198311564269
A,tarde,1.8104361295062565
A,tarde,1.898209819948819
A,tarde,1.709159543025678
A,tarde,1.4926216346535666
A,tarde,1.6753612274669964
A,tarde,1.3880298666188717
A,tarde,2.017041734129613
A,tarde,1.615013384470679
A,tarde,2.116892955895374
A,tarde,1.2220521768981865
A,tarde,2.1654401161072285
A,tarde,2.416764480804462
A,tarde,1.0031321787142722
A,tarde,2.187028284923786
A,tarde,2.613834496236646
A,tarde,1.3951794906543973
A,tarde,2.836286193418852
A,tarde,2.2095095046830227
A,tarde,1.6474940721207956
A,tarde,1.9721154611711469
A,tarde,2.279163456260861
A,tarde,2.0380026957062056
A,tarde,2.2693779962231844
A,tarde,1.5396632034603168
A,tarde,2.084680412018039
A,tarde,1.29314275154751
A,tarde,1.94438696932565
A,tarde,1.548046179267605
A,tarde,1.6322350287051166
A,tarde,2.618046587605219
A,tarde,2.5456550602971344
A,tarde,2.3045690604535887
A,tarde,1.4538436176637104
A,tarde,1.841795775152599
A,tarde,2.6065488499895917
A,tarde,2.0708584568199524
A,tarde,3.1596647699908473
A,tarde,2.1966589196971857
A,tarde,2.096024558245016
A,tarde,1.8454417678987494
A,tarde,2.066770452391141
A,tarde,1.923765081809728
A,tarde,2.3540543383442953
A,tarde,2.478351158397292
A,tarde,1.6070052697460253
A,tarde,1.334383523221111
A,tarde,1.0818973134483518
A,tarde,2.253995663456272
A,tarde,1.4483166969130632
A,tarde,0.9235547035237586
A,tarde,2.194289302265482
A,tarde,3.2464997587163955
A,tarde,1.9969645442300534
A,tarde,2.419245387225821
A,tarde,2.0409146792737825
A,tarde,1.9505551734044286
A,tarde,2.4595382414938842
A,tarde,1.8548627279056744
A,tarde,2.1336961570359514
A,tarde,2.1608489030980067
A,tarde,1.6659547731784756
A,tarde,2.4960211747682615
A,tarde,1.9125201216522956
A,tarde,1.6221274202535776
A,tarde,2.2682549217852017
A,tarde,1.5507660091044815
A,tarde,2.014090578684564
A,tarde,1.9954405016778982
A,tarde,2.542947782915789
A,tarde,2.2373491164399764
A,tarde,1.9874865206274281
A,tarde,2.4088831496001437
A,tarde,2.695103774508657
A,tarde,2.278905153175931
A,tarde,2.00517630992169
A,tarde,1.3440818838249202
A,tarde,1.4674431684623137
A,tarde,1.847387647822666
A,tarde,1.6952438989203584
A,tarde,1.906514348507277
A,tarde,2.0283249624485538
A,tarde,2.2648463771783653
A,tarde,1.9647506109704544
A,tarde,2.243250821913101
A,tarde,2.03223720740506
A,tarde,1.0122667168230643
A,tarde,1.5303323030906228
A,tarde,1.9279562221391924
A,tarde,1.3951526285794462
A,tarde,2.299964364998102
A,tarde,2.7653754161718487
A,tarde,2.6093809258486584
A,tarde,1.893278564534896
A,tarde,2.745363068424976
A,tarde,2.0743337286010557
A,tarde,1.8314570144409803
A,tarde,1.6932986682295301
A,tarde,1.8487651567559358
A,tarde,1.8059115907293857
A,tarde,2.085208111187744
A,tarde,2.0802869905249324
A,tarde,2.001523010076707
A,tarde,2.218469084873175
A,tarde,2.5953231373931707
A,tarde,2.474777067720662
A,tarde,1.2575510157750482
A,tarde,0.7230394325490226
A,tarde,2.467159955619637
A,tarde,1.3165606507922893
A,tarde,1.8876172990536582
A,tarde,1.4149434869703201
A,tarde,1.0990097812099902
A,tarde,2.270731364102394
A,tarde,2.3795775801513233
A,tarde,1.7117447996366404
A,tarde,0.7044788539275451
A,tarde,1.7268777758737586
A,tarde,2.1959020027012732
A,tarde,1.2605442156129356
A,tarde,2.0916799598895777
A,tarde,1.9923450754135021
A,tarde,2.289645749800544
A,tarde,2.0597901842070767
A,tarde,1.5134655295592223
A,tarde,2.598285750832246
A,tarde,1.920735213486515
A,tarde,1.986347730245034
A,tarde,1.533366020463402
A,tarde,1.778358874404245
A,tarde,1.5575986429865496
A,tarde,1.9135269700382884
A,tarde,2.8558542400711717
A,tarde,1.3140494285343218
A,tarde,1.1932193010616294
A,tarde,2.735585163746804
A,tarde,1.895338161424067
A,tarde,1.6654636306700417
A,tarde,2.519952343698038
A,tarde,1.6971922301315678
A,tarde,2.913004856773468
A,tarde,2.3389629356696346
A,tarde,1.7560442959271487
A,tarde,3.0786541066327517
A,tarde,1.6971425384983307
A,tarde,2.3710476860046534
A,tarde,2.149646290203246
A,tarde,2.650870644699399
A,tarde,2.7807555983634265
A,tarde,2.0160020745328833
A,tarde,1.6232910648269083
A,tarde,2.229986071469558
A,tarde,1.6611423151239468
A,tarde,3.0066936237633115
A,tarde,2.0682676655413688
A,tarde,1.8173392243439457
A,tarde,2.0923401529324543
A,tarde,1.3264368552351518
A,tarde,1.5141929807446743
A,tarde,2.600206953972213
A,tarde,1.6715528605143022
A,tarde,1.47654450865903
A,tarde,2.268326376263643
A,tarde,2.5928520773314983
A,tarde,2.3594766553325335
A,tarde,2.4980238429029082
A,tarde,1.6216024557152697
A,tarde,1.2890946666290781
A,tarde,2.7506668259777434
A,tarde,1.8386600805789322
A,tarde,1.8745834917724764
A,tarde,2.664097070924529
A,tarde,2.27811500470033
A,tarde,2.2279438860408036
A,tarde,3.082501172450542
A,tarde,1.6782408848099286
A,tarde,2.4639200640406185
A,tarde,2.028506562448542
A,tarde,2.1342961394316284
A,tarde,2.764234213206266
A,tarde,2.253917878144812
A,tarde,2.2691480395248167
A,tarde,2.536253668654901
A,tarde,1.8175236352285573
A,tarde,1.5803951663304967
A,tarde,1.477595402989483
A,tarde,1.0168217053119992
A,tarde,3.028103564970161
A,tarde,1.4483958171391584
A,tarde,1.889373188207114
A,tarde,1.8615933500555397
A,tarde,2.1537033489045503
A,tarde,2.4078686062696484
A,tarde,2.4302367441798727
A,tarde,1.7084612807155308
A,tarde,1.9164391431067942
A,tarde,2.14128997524415
A,tarde,1.8756544369082264
A,tarde,2.8036727880099965
A,tarde,2.2454874758191257
A,tarde,2.3674388930249086
A,tarde,2.331440634333706
A,tarde,2.5867369287426625
A,tarde,2.0905107793518534
A,tarde,1.3515840260220768
A,tarde,2.1998439758763206
A,tarde,1.6743215531040856
A,tarde,1.7356916591251217
A,tarde,2.2931820093775466
A,tarde,2.619141535716818
A,tarde,2.010635788368031
A,tarde,2.154416506299482
A,tarde,2.851107472317619
A,tarde,2.1203765897442843
A,tarde,3.300841557090197
A,tarde,2.282754822815772
A,tarde,1.119618620422091
A,tarde,2.376670810552266
A,tarde,2.1905791924413887
A,tarde,2.644876377041373
A,tarde,2.3365906756349792
A,tarde,1.930772008008113
A,tarde,1.387850881855317
A,tarde,1.8954883713569874
A,tarde,1.57473977289535
A,tarde,1.7097382750976386
A,tarde,2.294289202210305
A,tarde,2.834952252175703
A,tarde,2.1973357649114904
A,tarde,1.4020584689824078
A,tarde,2.22230133411007
A,tarde,2.5983157433228254
A,tarde,1.695108547840309
A,tarde,1.9329914166635411
A,tarde,2.0073440973645984
A,tarde,1.6075508434588799
A,tarde,2.3241402169219296
A,tarde,1.9395259256961093
A,tarde,2.209766221953514
A,tarde,1.55625391109895
A,tarde,1.7812708498382948
A,tarde,2.3611906789138857
A,tarde,1.8135834239541164
A,tarde,2.8634819256167026
A,tarde,1.8001819071926988
A,tarde,2.112342362875943
A,tarde,2.466295415936545
A,tarde,1.2908171335334842
A,tarde,1.119595594009612
A,tarde,1.2371718427149525
A,tarde,2.631292051713591
A,tarde,1.7240709270537766
A,tarde,3.279099642834126
A,tarde,1.7178762006713058
A,tarde,2.0922756515985186
A,tarde,2.7710549762839376
A,tarde,3.0030464440795615
A,tarde,3.0307517883181987
A,tarde,2.6041831152965713
A,tarde,2.5120312629057313
A,tarde,2.2962634746005914
A,tarde,2.389180538083319
A,tarde,1.7244071418357332
A,tarde,1.5909005582888465
A,tarde,1.998312771294524
A,tarde,1.9149076887375358
A,tarde,1.7733859753363623
A,tarde,2.3481937237283574
A,tarde,2.4776526042852556
A,tarde,2.0442034431459235
A,tarde,2.738765040527631
A,tarde,1.4291554429332476
A,tarde,1.903170270360141
A,tarde,1.6415888396985976
A,tarde,1.06673169146347
A,tarde,1.9586596570786503
A,tarde,1.9391262458083582
A,tarde,2.7567248716210653
A,tarde,2.315405842277389
A,tarde,1.4879065878353974
A,tarde,2.927046283167094
A,tarde,2.6105168477626766
A,tarde,2.291048851734308
A,tarde,1.886757950575084
A,tarde,1.5202803816382602
A,tarde,1.8138966119644735
A,tarde,2.544374309852093
A,tarde,2.9422931529673044
A,tarde,2.7716217641360945
A,tarde,1.755575289106863
A,tarde,1.4401912833554944
A,tarde,2.0704431234556018
A,tarde,1.115780317218574
A,tarde,2.1615838570923906
A,tarde,1.9261987068506656
A,tarde,1.7669817490658788
A,tarde,1.2026484663666022
A,tarde,2.2568000532848584
A,tarde,1.7336495801690444
A,tarde,1.4150415821448559
A,tarde,0.5638688933591753
A,tarde,1.9862425474746819
A,tarde,2.886125798334872
A,tarde,2.830629607273935
A,tarde,1.7714518717068641
A,tarde,1.6988939698191097
A,tarde,2.234387128037512
A,tarde,1.5008072804058543
A,tarde,2.150895949909733
A,tarde,2.383040139192345
A,tarde,2.6134666119421537
A,tarde,1.9499229617600236
A,tarde,1.898163124911517
A,tarde,1.5610087066217195
A,tarde,1.58655982298007
A,tarde,1.8867605540492367
A,tarde,2.183682753408089
A,tarde,2.4567923131166247
A,tarde,1.5984105246598275
A,tarde,2.7463442844797608
A,tarde,1.8644381994787156
A,tarde,1.989316352825782
A,tarde,1.6263941604260883
A,tarde,0.7878798698635292
A,tarde,2.4420226981805246
A,tarde,2.368421948546217
A,tarde,1.8593362214408933
A,tarde,2.033495358612436
A,tarde,2.25796960885205
A,tarde,1.2187270715567287
A,tarde,1.7354736613268527
A,tarde,2.3971323398109137
A,tarde,1.3728552884153753
A,tarde,2.1467789660833145
A,tarde,1.3217090976882975
A,tarde,2.233214991216763
A,tarde,1.9821792588512581
A,tarde,1.1924340920472454
A,tarde,2.5823696772285856
A,tarde,1.6327042116009753
A,tarde,1.5948737814928096
A,tarde,2.1002845986154712
A,tarde,2.5743186747143576
A,tarde,1.4920890905108015
A,tarde,2.0308399249239857
A,tarde,2.2144082501652864
A,tarde,2.346552803631572
A,tarde,2.088220777638613
A,tarde,1.816486080458339
A,tarde,1.5862048896756402
A,tarde,2.0430719415231873
A,tarde,1.4639304940071964
A,tarde,0.5393247582526963
A,tarde,2.2182799020788337
A,tarde,2.4519674205430975
A,tarde,0.8185337822290808
A,tarde,1.4951346476450311
A,tarde,2.309577130502599
A,tarde,3.028747734855849
A,tarde,2.010396853837704
A,tarde,1.6359985293854327
A,noche,1.90855177944758
A,noche,2.6874382095740925
A,noche,1.6770179104377323
A,noche,1.6004039966748733
A,noche,1.7586282389089838
A,noche,1.5233356958706439
A,noche,2.061335157997398
A,noche,2.81233922923478
A,noche,2.1615396365580146
A,noche,1.8738232489368563
A,noche,1.854094365542228
A,noche,1.2184045956516716
A,noche,2.4415548885735796
A,noche,1.9610814014935989
A,noche,1.9097600432046873
A,noche,3.59655378392243
A,noche,2.149376454182843
A,noche,1.6241044749524078
A,noche,1.7868212018972283
A,noche,2.5742228545983776
A,noche,2.0566352052688823
A,noche,1.2808610108413165
A,noche,2.4596144672876017
A,noche,1.665927957230503
A,noche,2.9366488881087727
A,noche,2.5400240328573243
A,noche,1.7763390521706244
A,noche,2.6405081808675566
A,noche,2.0339277552637016
A,noche,2.4263868375611097
A,noche,2.2423664086472375
A,noche,1.5768216725045632
A,noche,1.678225083841269
A,noche,2.5149804087905805
A,noche,1.8326123339467295
A,noche,1.7981757683790016
A,noche,1.5224387103253236
A,noche,2.2117995327967304
A,noche,3.0312624596215727
A,noche,1.4662335428728634
A,noche,2.012109728336379
A,noche,2.7061102777077144
A,noche,1.9601793043771425
A,noche,2.226185898124867
A,noche,1.4688032359265601
A,noche,2.214153548603824
A,noche,1.9064278674977255
A,noche,2.4928649978399315
A,noche,2.5936930257823754
A,noche,3.294781821009307
A,noche,2.2898165866067877
A,noche,2.162898158291083
A,noche,2.097192150788668
A,noche,1.8234168535946558
A,noche,2.1692419217308454
A,noche,1.8522992949304853
A,noche,2.084230488134807
A,noche,2.65879876780398
A,noche,1.4967287173601793
A,noche,2.5699392805645225
A,noche,2.6585575336699327
A,noche,1.9409657365044606
A,noche,0.9390725504957027
A,noche,1.6960890064527838
A,noche,2.6484972732805545
A,noche,1.988565968850559
A,noche,1.5003488838525447
A,noche,1.7476125393858912
A,noche,2.4203100132522763
A,noche,2.2733667841006895
A,noche,1.8805339504151528
A,noche,1.8165877940926562
A,noche,1.804120925478089
A,noche,1.5387949077507488
A,noche,2.807687844734721
A,noche,1.83883976539433
A,noche,2.608579260412748
A,noche,2.7606580259612254
A,noche,2.4991554490739802
A,noche,1.7841898436409758
A,noche,2.201865045168305
A,noche,1.9879021968045418
A,noche,1.548149069634936
A,noche,2.1621796408608014
A,noche,1.4104801044200987
A,noche,2.5938396942307818
A,noche,1.7676913513508035
A,noche,2.1005798279364196
A,noche,2.141643935773071
A,noche,1.8705475131479614
A,noche,2.2933469007376375
A,noche,1.7625481716887377
A,noche,2.435648648728622
A,noche,1.3270101598766257
A,noche,2.063189789773206
A,noche,2.9694644995291424
A,noche,1.4998343376972127
A,noche,1.6611275147375744
A,noche,2.2569539248294577
A,noche,2.089790890969799
A,noche,2.1753150496367795
A,noche,2.244593565073832
A,noche,2.317360734280885
A,noche,2.5548499209781115
A,noche,2.2049093284642565
A,noche,1.8793711726907287
A,noche,2.3362868506013656
A,noche,2.949940967447608
A,noche,1.9336831268087131
A,noche,1.5127353476646792
A,noche,2.553540334643486
A,noche,1.9398094180232008
A,noche,0.9136652269929819
A,noche,2.423710838575211
A,noche,1.7323359070230386
A,noche,1.9547333588479197
A,noche,2.1659901652845073
A,noche,2.0952498398895334
A,noche,2.35472590856952
A,noche,1.7822568147150784
A,noche,2.2565528990880415
A,noche,1.8702266612080414
A,noche,2.3694052404437516
A,noche,2.307683742006527
A,noche,1.5322806489777023
A,noche,2.542991058087516
A,noche,1.732018277442976
A,noche,2.4040288991405725
A,noche,2.1836436567006703
A,noche,2.919091838397561
A,noche,1.8882670088140738
A,noche,1.8253416019409012
A,noche,1.9902901970561337
A,noche,1.8484101085828624
A,noche,2.399970950971025
A,noche,1.1918446957817062
A,noche,1.4731587904268229
A,noche,1.4660985392104036
A,noche,2.4751537959867878
A,noche,2.8553066862909624
A,noche,1.9477753907312643
A,noche,1.9155891384049948
A,noche,2.0350260815565906
A,noche,2.5809391513040953
A,noche,1.5363234329047128
A,noche,2.1191844913673927
A,noche,2.4875988148912147
A,noche,2.2505470849699227
A,noche,2.0947908082993716
A,noche,2.5005230462835706
A,noche,0.6483838535003814
A,noche,2.338937659765454
A,noche,1.6729621584362881
A,noche,1.0846835515717714
A,noche,2.2556012997624904
A,noche,2.6868292725814786
A,noche,1.931275742686154
A,noche,2.4764372736014693
A,noche,2.8061391289943227
A,noche,2.657457226792024
A,noche,2.8199822646856965
A,noche,2.3710637455359462
A,noche,2.037716819450796
A,noche,1.1990170940514158
A,noche,1.8769687559350257
A,noche,1.5783767023419042
A,noche,3.085471358748907
A,noche,1.9120570937838317
A,noche,2.061602403392243
A,noche,2.275742688020234
A,noche,2.021801223186227
A,noche,2.8475255202153766
A,noche,1.688675319132774
A,noche,2.0973037276186215
A,noche,1.6287647071509759
A,noche,1.3399887443896472
A,noche,1.6941154545473573
A,noche,1.9814816014757939
A,noche,1.7853488877413701
A,noche,1.653789510063072
A,noche,1.296841268164083
A,noche,1.9584472136856526
A,noche,1.2476398129844988
A,noche,2.380027981844801
A,noche,2.0412198764672516
A,noche,1.2712242502675348
A,noche,1.8453954614750683
A,noche,1.6239217972047084
A,noche,2.15958725520959
A,noche,2.670225223011572
A,noche,1.0624137651771277
A,noche,2.0575130395737085
A,noche,1.9199336022166797
A,noche,2.3356700382252327
A,noche,2.1065983141188447
A,noche,1.6240153341305905
A,noche,1.840473032166691
A,noche,1.6019870715982556
A,noche,2.538003569299299
A,noche,2.010655824335971
A,noche,2.950595342876504
A,noche,1.9696695930926895
A,noche,1.6457966165447686
A,noche,1.2431428036935865
A,noche,1.0984301618720274
A,noche,1.2079320284972552
A,noche,2.1335633255057416
A,noche,2.254362511614967
A,noche,1.2094046489839334
A,noche,2.447519157038058
A,noche,1.7584694741582803
A,noche,2.0733965059927746
A,noche,2.806110314127712
A,noche,2.448419657932766
A,noche,1.8657346760470839
A,noche,1.5544038872923562
A,noche,0.9240922993353475
A,noche,1.64042334037879
A,noche,1.8944348805861528
A,noche,1.506410236424408
A,noche,1.9343715164538478
A,noche,2.038425941479384
A,noche,1.8875720090959607
A,noche,1.6749987095882701
A,noche,2.084327335983364
A,noche,2.2209703247847044
A,noche,1.454800461278577
A,noche,2.705466189873135
A,noche,1.9507059338578692
A,noche,2.009424811472424
A,noche,2.3541072116282784
A,noche,2.116608065631751
A,noche,2.4765683169566226
A,noche,2.143562082600912
A,noche,1.6937813126797812
A,noche,2.180751762603051
A,noche,1.428136896339669
A,noche,2.0542798528882615
A,noche,1.9833850046777697
A,noche,1.8959415713637302
A,noche,1.9357312442805346
A,noche,1.0590754772511803
A,noche,1.7256375461295193
A,noche,2.0464224505705575
A,noche,2.0799281959987
A,noche,1.4861624295370208
A,noche,2.6328539204323502
A,noche,1.5669125758927496
A,noche,2.4847286002633684
A,noche,2.2135971809358423
A,noche,1.6768863450780984
A,noche,2.887655446304756
A,noche,1.4031815841217599
A,noche,2.459577086805001
A,noche,2.500291159021489
A,noche,1.6646898954616776
A,noche,2.6962326500321643
A,noche,1.8749767427005235
A,noche,2.1443468146399285
A,noche,2.1301609193856104
A,noche,1.932845629264726
A,noche,2.4054041365798913
A,noche,2.3967443602761067
A,noche,1.1257340133809097
A,noche,2.6521701214390765
A,noche,1.1687540059821628
A,noche,2.5162731021708287
A,noche,2.5633525684137917
A,noche,1.4545167848924008
A,noche,1.7945928560227076
A,noche,1.4471476657570321
A,noche,1.8925394848556323
A,noche,1.8459828579071293
A,noche,2.3898302661346698
A,noche,2.655154373059804
A,noche,2.697841905394978
A,noche,1.718915986710849
A,noche,1.8953890631277361
A,noche,1.158280903889525
A,noche,1.5970649667519057
A,noche,2.4824258165487287
A,noche,2.807791411774116
A,noche,1.382825564060039
A,noche,1.7037678704235528
A,noche,1.9867971215205364
A,noche,2.1400805794098035
A,noche,1.5951982400391769
A,noche,2.2120305222320447
A,noche,1.763080326464542
A,noche,1.9927738645608604
A,noche,2.2731421240018497
A,noche,2.003211134905469
A,noche,1.7818070547367157
A,noche,1.9451950980370847
A,noche,1.9558185203973324
A,noche,1.8149944850589361
A,noche,1.8706019686664488
A,noche,2.7993235852523584
A,noche,2.2804597239706195
A,noche,1.8522598409854198
A,noche,2.348477202255368
A,noche,1.833090255121995
A,noche,2.5865623187933204
A,noche,2.184821096099047
A,noche,1.9463489279978856
A,noche,2.223858462905139
A,noche,1.2145619239657504
A,noche,1.4366162655450974
A,noche,1.4030374968004722
A,noche,2.0714715473818535
A,noche,2.866257499742546
A,noche,3.115650073096316
A,noche,2.3190255507203785
A,noche,2.2504222374722285
A,noche,1.0994711329236306
A,noche,1.728663100132989
A,noche,1.6061081240458805
A,noche,1.689576200874442
A,noche,1.9159280907076053
A,noche,1.7639547111514364
A,noche,1.010350094812106
A,noche,2.3739551280587667
A,noche,1.4636284871300966
A,noche,2.1196234320555747
A,noche,3.0370413348749867
A,noche,1.5403077042067883
A,noche,0.7348562386268351
A,noche,1.8569978890599446
A,noche,2.5504798174992853
A,noche,2.9791737271102967
A,noche,1.3852252027737917
A,noche,2.248349611618261
A,noche,1.7673447716099733
A,noche,1.9470258228479322
A,noche,3.3221716735085174
A,noche,1.2485148358024234
A,noche,2.1268698307472866
A,noche,2.233846585882717
A,noche,2.5428931624696736
A,noche,2.048991576735448
A,noche,2.154025269752051
A,noche,1.8041757162891043
A,noche,2.134563470622554
A,noche,1.8284038622512948
A,noche,2.3107859449280252
A,noche,1.815194831978183
A,noche,2.1885501969510934
A,noche,1.985368593157511
A,noche,2.5630251253860843
A,noche,1.974303138205757
A,noche,1.1134837658965593
A,noche,2.630960750356996
A,noche,1.5471338495686906
A,noche,1.6731168306755901
A,noche,1.702169352978254
A,noche,2.6872190465854087
A,noche,0.9321628930106522
A,noche,3.568874266829997
A,noche,2.5280284045330257
A,noche,2.1116194570645797
A,noche,1.9725529996918567
A,noche,2.1427770374288286
A,noche,2.260561214189669
A,noche,2.3226077929750284
A,noche,2.277802233001724
A,noche,2.044790340627624
A,noche,1.901330789846337
A,noche,1.9243633581732442
A,noche,1.9025458598236595
A,noche,2.5668850484335324
A,noche,2.296778361140431
A,noche,0.5298056826678599
A,noche,2.3279503882648807
A,noche,2.0973680973593876
A,noche,1.9906456217770514
A,noche,1.805740773455557
A,noche,2.5620563599930066
A,noche,2.473763231061429
A,noche,1.6135611660881954
A,noche,2.2035261435622675
A,noche,1.514171632729357
A,noche,1.3101909176055346
A,noche,1.6866413877050175
A,noche,2.4311967361913793
A,noche,2.4765625226880434
A,noche,2.2565427100486466
A,noche,2.3625478934239985
A,noche,2.2580891435574793
A,noche,1.6792592023885238
A,noche,2.2159612723369704
A,noche,2.400204762613841
A,noche,2.377145664906787
A,noche,2.5944566857373212
A,noche,2.354151923600532
A,noche,2.1757241037707913
A,noche,2.535075119158214
A,noche,1.9867393703754699
A,noche,1.559062674386141
A,noche,1.918466518028118
A,noche,1.6275486775967756
A,noche,1.6624108625128091
A,noche,1.927740664642241
A,noche,1.6037900395000193
A,noche,1.8460192351804798
A,noche,1.053192666523107
A,noche,2.106646853686469
A,noche,2.000602737681112
A,noche,1.5914556844659047
A,noche,2.3296228342162024
A,noche,2.468785068813279
A,noche,1.196220067815513
A,noche,1.618637610716893
A,noche,1.6154288251063509
A,noche,1.5300484494455677
A,noche,2.4147374209658743
A,noche,1.9030869306135982
A,noche,1.8677425793446947
A,noche,0.9980688177966233
A,noche,2.3177090151046134
A,noche,1.3803708025732637
A,noche,2.029966315133164
A,noche,2.1386884689790957
A,noche,2.6803292979193256
A,noche,1.345589800440444
A,noche,0.49024392208958734
A,noche,2.0919247723768475
A,noche,2.900255590755427
A,noche,2.6194731764697186
A,noche,2.104829707637313
A,noche,1.7541819071839764
A,noche,2.403561298318655
A,noche,1.5132269001477656
A,noche,2.2381788846781094
A,noche,2.2527350795833136
A,noche,2.53010495374944
A,noche,3.3798300194555386
A,noche,2.1962079835893835
A,noche,1.7455181871462506
A,noche,1.9872128439040029
A,noche,1.1154620475554409
A,noche,1.652643434455471
A,noche,1.795358780943448
A,noche,1.7379558010327036
A,noche,2.076177436016861
A,noche,1.5887900338088996
A,noche,2.5605153336622357
A,noche,2.0001035324590983
A,noche,1.9953498394306928
A,noche,1.836052641743541
A,noche,2.0775953419294897
A,noche,2.4125491323338175
A,noche,1.56643489214455
A,noche,1.6709417554623718
A,noche,1.8481369856116676
A,noche,1.3270645382633925
A,noche,1.590371070139251
A,noche,1.7618895632276705
A,noche,2.4371945903563637
A,noche,2.1312806645009625
A,noche,2.096794955683772
A,noche,2.425448981083986
A,noche,1.9313141058003016
A,noche,2.195232424964445
A,noche,1.9483891235337518
A,noche,2.1326811746998144
A,noche,1.708620671194209
A,noche,0.7805914208617855
A,noche,1.932860418906848
A,noche,2.7113740680499703
A,noche,2.463107701120796
A,noche,2.4826987422955855
A,noche,2.618065360903109
A,noche,2.0443287954807188
A,noche,2.098657853702798
A,noche,1.691174052282825
A,noche,1.841963571986475
A,noche,2.307885574885571
A,noche,2.601942218584408
A,noche,1.9302768621595003
A,noche,1.7749053675742943
A,noche,2.000263979428299
A,noche,2.3006033744645573
A,noche,1.278072591933229
A,noche,0.8519095234313809
A,noche,1.7247315752542083
A,noche,1.3896437870429206
A,noche,1.7459299011763445
A,noche,1.9261098405912642
A,noche,1.7733757954884932
A,noche,2.7262337672353727
A,noche,2.16337238230116
A,noche,2.1502371798054143
A,noche,2.311103572021701
A,noche,1.4305834411096154
A,noche,2.5195558937101343
A,noche,1.9621178567322701
A,noche,2.335240308620606
A,noche,1.4640713834799222
A,noche,1.223120616991968
A,noche,2.408944829012514
A,noche,2.188204763048758
A,noche,1.5489742228212449
A,noche,1.5651684593626527
A,noche,2.562717392207385
A,noche,1.405294053566336
A,noche,2.8213364766279816
A,noche,1.5496896326760656
A,noche,2.3191959628041916
A,noche,1.8356907621255076
A,noche,2.3015937155411716
A,noche,1.7279429989429036
A,noche,1.918603546963853
A,noche,2.0204595876978604
A,noche,1.4989062721092636
A,noche,2.370412172710063
A,noche,1.7433932167642074
A,noche,1.8857000423299908
A,noche,1.5028253126957438
A,noche,0.7188331706023448
A,noche,1.9044861186999156
A,noche,3.206307710806458
A,noche,2.3923021439490118
A,noche,1.9903698101328027
A,noche,1.868554585395866
A,noche,2.011232946406023
A,noche,2.273559557587605
A,noche,1.4095935923455776
A,noche,2.557160847334436
A,noche,2.357690657720622
A,noche,2.3590928628539674
A,noche,2.219237869404864
A,noche,2.009808328846995
A,noche,2.33643061798341
A,noche,2.295907066870689
A,noche,1.8229796445294881
A,noche,1.7131991135515494
A,noche,2.0509281476309935
A,noche,2.774510075747594
A,noche,1.3804464621730497
A,noche,1.26623736712378
A,noche,2.0823804206182586
A,noche,2.025443850928009
A,noche,2.086670832185204
A,noche,2.1219765989542503
A,noche,1.8883988726825975
A,noche,2.744931719301041
A,noche,1.1995480107617422
A,noche,1.585751487609877
A,noche,1.9483726199254763
A,noche,1.1784055944229164
A,noche,1.9120727977839644
A,noche,2.830735082864009
A,noche,2.010443244147981
A,noche,2.115350452859342
A,noche,1.36991761741371
A,noche,1.6918192959802614
A,noche,1.8124018098380315
A,noche,1.841142451621883
A,noche,2.6408218975018842
A,noche,2.2788455303625623
A,noche,1.444271021531484
A,noche,2.1232523892160025
A,noche,2.2491108742483927
A,noche,2.570074519260633
A,noche,2.790270343284187
A,noche,1.4924529040860657
A,noche,1.5945712443948308
A,noche,1.3712110705426919
A,noche,1.8829900704465092
A,noche,2.2331791872231674
A,noche,2.493667258294551
A,noche,1.9620244881787385
A,noche,1.840076238372578
A,noche,2.07587899612437
A,noche,1.5824285491849885
A,noche,3.0447693608473867
A,noche,1.1961694864409707
A,noche,2.0923702894478624
A,noche,3.01180310961482
A,noche,2.003399922279999
A,noche,1.9049804824992527
A,noche,1.8212772885947863
A,noche,1.9098041591187962
A,noche,2.686424237338265
A,noche,0.8940690443352466
A,noche,2.7667168506481628
A,noche,1.2880214237749275
A,noche,1.8666738353827925
A,noche,1.785377789850669
A,noche,2.29427663488536
A,noche,1.2009378240581263
A,noche,2.2310863330409716
A,noche,3.012154811643426
A,noche,1.3184129977035948
A,noche,2.094853083805198
A,noche,1.6690089111016955
A,noche,2.2129436030965177
A,noche,2.0095738887078762
A,noche,1.6792565454778452
A,noche,2.243936142435537
A,noche,2.9021740548933717
A,noche,1.9045481041363506
A,noche,2.359878971074091
A,noche,1.3533635210644182
A,noche,1.5217818115909956
A,noche,2.236203138940189
A,noche,2.7420580142679825
A,noche,2.17780667439283
A,noche,1.8434709847384227
A,noche,1.999645702711677
A,noche,1.3747961330151413
A,noche,2.3022576631776834
A,noche,2.441166531161705
A,noche,1.7739548335834598
A,noche,1.7649789261202493
A,noche,2.132939114826024
A,noche,1.7816401319797022
A,noche,1.9669336926870888
A,noche,3.049860894583258
A,noche,1.8764871496270017
A,noche,1.8208299239893888
A,noche,1.6762290971824205
A,noche,2.3720959857499686
A,noche,1.9093879133909486
A,noche,1.675313480839287
A,noche,2.660652016136506
A,noche,2.7098015022568185
A,noche,1.6997882171306475
A,noche,1.0667300243196918
A,noche,2.503756844918461
A,noche,1.657685087119998
A,noche,2.3953127995813843
A,noche,1.0149480911440822
A,noche,2.4462986691496544
A,noche,1.3944140353596093
A,noche,2.365382059533262
A,noche,2.0071365339182172
A,noche,1.5230302903016777
A,noche,1.7964818435366097
A,noche,2.3431592284783505
A,noche,2.052947226557617
A,noche,2.292206490236242
A,noche,2.9882202922577425
A,noche,1.2178791941444742
A,noche,2.808606287484312
A,noche,2.0521779687616064
A,noche,1.550607975838436
A,noche,1.334843187130505
A,noche,1.9054398046114833
A,noche,2.46082505596223
A,noche,1.9362254398112329
A,noche,2.7555774651236735
A,noche,1.2744121549742204
A,noche,1.9939555260769728
A,noche,1.3738032777934404
A,noche,2.181815941312484
A,noche,2.44344369504865
A,noche,1.7896191031594735
A,noche,0.6978930716864329
A,noche,2.0994740733982473
A,noche,2.218369275866755
A,noche,2.202147377480849
A,noche,2.617891095911077
A,noche,1.4644731601754755
A,noche,2.340108052725225
A,noche,2.5962537562389874
A,noche,1.1107062079967416
A,noche,2.1598259129594886
A,noche,1.7479100844961644
A,noche,1.959238663449177
A,noche,2.173838241769168
A,noche,1.7563857179432238
A,noche,1.6621459604191942
A,noche,2.017076208744012
A,noche,1.4563770305685986
A,noche,1.4570874355574073
A,noche,2.339686641478252
A,noche,1.425602982420672
A,noche,2.333156250454606
A,noche,2.2312956464269758
A,noche,1.1370966356047016
A,noche,1.6612176738321724
A,noche,2.5970547015236862
A,noche,1.5094172344301593
A,noche,1.7677978688453062
A,noche,2.2310304466259483
A,noche,2.3916952546412977
A,noche,1.8742305569777522
A,noche,1.7012449026541792
A,noche,2.711184930849254
A,noche,2.8694498318987893
A,noche,2.4894290253908977
A,noche,2.042659071282512
A,noche,1.595867139179537
A,noche,1.5847777967217174
A,noche,2.2612570526328786
A,noche,2.209199110444342
A,noche,2.700799296473215
A,noche,2.3252250462680695
A,noche,1.2484598491200911
A,noche,2.525973808861459
A,noche,1.5009696863427935
A,noche,1.8080143640238242
A,noche,2.125100103125847
A,noche,2.9978337448919823
A,noche,3.5549592780026806
A,noche,2.3033615295680914
A,noche,1.908401690639806
A,noche,2.267252824240275
A,noche,2.443827712936918
A,noche,1.8396661872214042
A,noche,2.897605677956161
A,noche,2.115035379595701
A,noche,2.2488715445456973
A,noche,2.3329621260272306
A,noche,2.2107933053072277
A,noche,2.419470250234806
A,noche,1.6913734067265385
A,noche,1.7208491230269847
A,noche,1.4499228835141524
A,noche,2.2197506153101134
A,noche,2.389468251756057
A,noche,2.228886433075943
A,noche,2.8372462166737686
A,noche,1.9972019905854768
A,noche,2.3343708277962563
A,noche,1.4541495619303428
A,noche,1.8064501487627995
A,noche,2.3477688787828885
A,noche,2.424551055371572
A,noche,1.8530165261679088
A,noche,1.9642003740709666
A,noche,1.2410631266595953
A,noche,1.8214853995966953
A,noche,2.445191581759893
A,noche,2.287602508053283
A,noche,2.250332860690605
A,noche,2.02488684359048
A,noche,2.0035315793140884
A,noche,1.6698394302632764
A,noche,2.3494142101012674
A,noche,2.210486472194695
A,noche,2.2460094239963997
A,noche,1.7369825786662099
A,noche,0.9233285400643778
A,noche,2.5485763558768477
A,noche,1.7605812719957978
A,noche,1.5686121179784398
A,noche,2.346739455956997
A,noche,1.8039936800404353
A,noche,2.529968192023311
A,noche,2.3085029747883485
A,noche,2.3417846616002387
A,noche,1.3170221443997328
A,noche,2.6059719926932003
A,noche,2.130625265616928
A,noche,1.8153614303768983
A,noche,2.0716942336711255
A,noche,1.11188238355084
A,noche,2.2043264057403356
A,noche,1.485314245908964
A,noche,1.3236648570782328
A,noche,1.2388204068910544
A,noche,2.556344187494963
A,noche,1.6853683031536058
A,noche,2.76686385495825
A,noche,1.732099268473851
A,noche,1.1463210212035266
A,noche,1.4417377800256705
A,noche,2.617905810003469
A,noche,1.9220509110316661
A,noche,1.7258563517546994
A,noche,2.080009112926394
A,noche,2.2508913680837725
A,noche,2.5586994079512304
A,noche,2.724249614946463
A,noche,1.8201156771054572
A,noche,1.3369761569589809
A,noche,1.793267419438362
A,noche,2.130140253291443
A,noche,1.5181205368946946
A,noche,1.5214245425524786
A,noche,2.1718939407749427
A,noche,1.9756738242147744
A,noche,2.016398497705793
A,noche,1.6207523326499653
A,noche,1.8847996428971163
A,noche,1.5378834278658478
A,noche,2.4450992055623932
A,noche,2.5176246673618765
A,noche,1.076906068880953
A,noche,1.5352445699037949
A,noche,1.2517353724549605
A,noche,1.674988032796551
A,noche,1.9582810151048196
A,noche,1.275177390150735
A,noche,1.5390700934373434
A,noche,1.4980213139592506
A,noche,2.1036336646994718
A,noche,2.0346721685181253
B,mañana,2.6391312233313733
B,mañana,3.088410436069699
B,mañana,2.7266599577063673
B,mañana,2.8641724448369734
B,mañana,3.8367260451492684
B,mañana,3.6702305258951737
B,mañana,2.3502093815362013
B,mañana,3.4148662089395874
B,mañana,3.405698277245796
B,mañana,2.425868355623691
B,mañana,3.4093888218774304
B,mañana,3.7689659592062763
B,mañana,2.438727596877793
B,mañana,2.5412485894928682
B,mañana,3.5088307334217514
B,mañana,3.135747655412824
B,mañana,3.2757381376197614
B,mañana,3.1702946082002486
B,mañana,3.195347960464072
B,mañana,2.3367639358444583
B,mañana,3.523658853310724
B,mañana,3.584794996213887
B,mañana,2.885304627965986
B,mañana,2.978261525093069
B,mañana,2.234446248722139
B,mañana,3.2571273780089176
B,mañana,3.286028720857072
B,mañana,2.9689044915003446
B,mañana,3.5621766799352512
B,mañana,2.8329613845100297
B,mañana,3.2823029629468
B,mañana,2.490167830653942
B,mañana,2.988223924562881
B,mañana,2.912822871048582
B,mañana,3.1126539610204706
B,mañana,2.815236535583321
B,mañana,2.934263702164166
B,mañana,3.413023585720753
B,mañana,2.781617881380891
B,mañana,2.1967114496306603
B,mañana,3.8747919521027105
B,mañana,3.6907270393452434
B,mañana,2.353868652447191
B,mañana,3.344853902622597
B,mañana,2.7485126147243286
B,mañana,3.1317436076655296
B,mañana,3.147112064506747
B,mañana,2.882796099841839
B,mañana,2.6081171672068018
B,mañana,2.6547294738418703
B,mañana,2.541904042259379
B,mañana,2.5840888958847774
B,mañana,2.9664108549753223
B,mañana,2.642120005444624
B,mañana,3.34102603285631
B,mañana,3.7436230776679635
B,mañana,2.7099733793149783
B,mañana,3.1197022502676885
B,mañana,3.249842555151467
B,mañana,3.236001135459637
B,mañana,3.0379776339580435
B,mañana,3.371341209179861
B,mañana,3.2411244763403286
B,mañana,2.381168788836351
B,mañana,3.4345780321946364
B,mañana,3.443645418633371
B,mañana,2.6183569479107094
B,mañana,3.018968917723801
B,mañana,3.3416644964055346
B,mañana,2.895343090210319
B,mañana,3.536489023883006
B,mañana,4.181936247309681
B,mañana,2.607006983682509
B,mañana,2.3094776984231125
B,mañana,3.1519092978024377
B,mañana,3.3607812525630716
B,mañana,2.8845668130776154
B,mañana,3.726630331660517
B,mañana,2.3306971001383756
B,mañana,3.3464593115158054
B,mañana,2.697069589620553
B,mañana,3.8596889531036482
B,mañana,3.996257676584059
B,mañana,2.6166717061083262
B,mañana,2.7252214320457098
B,mañana,3.429793943489901
B,mañana,2.8064346751052427
B,mañana,2.977294391033881
B,mañana,3.012694210271205
B,mañana,2.040163421901172
B,mañana,2.993081126952881
B,mañana,2.655136112967913
B,mañana,2.753438588800114
B,mañana,3.721816001734407
B,mañana,2.3717465528603716
B,mañana,3.4066025933739885
B,mañana,2.8605185348340956
B,mañana,2.8601199157520827
B,mañana,3.3951859480258557
B,mañana,3.170025647284445
B,mañana,3.2853064986097653
B,mañana,3.4840923302664306
B,mañana,2.834345808408339
B,mañana,2.693881632746125
B,mañana,2.457424736721101
B,mañana,2.5872947350105227
B,mañana,4.474547212654363
B,mañana,3.622339790368393
B,mañana,2.3244628168959895
B,mañana,2.338771021628215
B,mañana,3.240933030859246
B,mañana,3.2736323986889833
B,mañana,3.2744419176586823
B,mañana,2.872522103223151
B,mañana,2.9372728699985498
B,mañana,3.1639397620796785
B,mañana,3.0429465031466654
B,mañana,1.8903498136262324
B,mañana,2.885100184712403
B,mañana,2.574296782869843
B,mañana,3.087605709454256
B,mañana,4.492629501301705
B,mañana,3.1837408327371524
B,mañana,2.843235156913801
B,mañana,3.460900750988626
B,mañana,3.2413439436046065
B,mañana,3.2100472452259208
B,mañana,3.3034252966078355
B,mañana,4.0282717824147705
B,mañana,2.4345557823370423
B,mañana,3.236816038405727
B,mañana,2.5368094350092307
B,mañana,3.277756323171124
B,mañana,2.5406567442569528
B,mañana,2.791316593197458
B,mañana,2.8524550428810467
B,mañana,3.4879083596723546
B,mañana,3.459227221971207
B,mañana,2.377141311776808
B,mañana,3.0274670554999243
B,mañana,2.6452100726254137
B,mañana,2.3707475446623327
B,mañana,2.8914914747878147
B,mañana,2.8457586057720903
B,mañana,4.213358243172761
B,mañana,3.2164799126803483
B,mañana,2.3111912496228815
B,mañana,2.7176129979145287
B,mañana,3.510691647714699
B,mañana,4.0442213864349625
B,mañana,2.2070083438810206
B,mañana,2.0600378074304775
B,mañana,3.935482587685891
B,mañana,3.194807088685452
B,mañana,2.565853634061817
B,mañana,3.2673145430612176
B,mañana,1.6821261304915611
B,mañana,3.0016877532985804
B,mañana,3.1639105864215424
B,mañana,3.462135069768915
B,mañana,2.493052023853731
B,mañana,3.0428435807016796
B,mañana,2.537287686970206
B,mañana,3.1276918778371585
B,mañana,2.552326838818488
B,mañana,2.7959495804198897
B,mañana,2.5020923026048854
B,mañana,3.3255681209118286
B,mañana,3.4292255583283326
B,mañana,2.882689715021293
B,mañana,3.0191189974800143
B,mañana,2.275704292683228
B,mañana,2.8501616759966066
B,mañana,2.9748976914791276
B,mañana,4.310396545514988
B,mañana,2.4440164871129184
B,mañana,3.732088619376219
B,mañana,3.498429386732904
B,mañana,3.1403182022450684
B,mañana,3.8793102420975667
B,mañana,3.1860527363034317
B,mañana,3.194579597833964
B,mañana,2.973439673491227
B,mañana,3.6117844412093136
B,mañana,3.5482346169054417
B,mañana,2.687161356251894
B,mañana,2.3403764027006164
B,mañana,2.8985096813021713
B,mañana,2.5999807178011767
B,mañana,2.9682377126923223
B,mañana,3.6187190673420697
B,mañana,2.771349172456605
B,mañana,2.9785883093442127
B,mañana,3.0290113674041974
B,mañana,3.424215441102642
B,mañana,1.8765553330076974
B,mañana,2.6966498526173517
B,mañana,3.1056418461397364
B,mañana,3.6000394782134304
B,mañana,2.7540487762468975
B,mañana,2.061723646979063
B,mañana,3.3098557229830683
B,mañana,2.6823188055871854
B,mañana,2.405166670454819
B,mañana,2.687827305143388
B,mañana,2.907737321172075
B,mañana,2.6976276677308935
B,mañana,1.8972169714504654
B,mañana,3.448533098443566
B,mañana,3.637437520639361
B,mañana,3.3257609956697527
B,mañana,2.431157164787592
B,mañana,2.899254233026241
B,mañana,2.996739342385271
B,mañana,3.2993971947809553
B,mañana,3.3341702443590404
B,mañana,2.632913100610752
B,mañana,3.0409977782067803
B,mañana,3.2286402023076204
B,mañana,3.7279111610733833
B,mañana,3.3522532699123615
B,mañana,3.3945283436877594
B,mañana,3.0419133139646806
B,mañana,3.705229572601752
B,mañana,3.2048813979797486
B,mañana,2.5694560449132147
B,mañana,3.7016849850625952
B,mañana,3.348951636269514
B,mañana,2.7784779894357587
B,mañana,2.7602535163003785
B,mañana,3.148287772570381
B,mañana,3.2315923976337926
B,mañana,3.0986461328156034
B,mañana,3.1556543367214425
B,mañana,3.84997868728819
B,mañana,3.535771576117443
B,mañana,3.095317795632512
B,mañana,3.4706552903837418
B,mañana,2.4837380482362303
B,mañana,3.1989635249734043
B,mañana,3.904653174866555
B,mañana,2.890977052303813
B,mañana,2.5761830356904576
B,mañana,2.6739555557034698
B,mañana,2.455183481328806
B,mañana,2.6076190459361483
B,mañana,2.8147459507049857
B,mañana,2.297216490410679
B,mañana,3.0078091669748015
B,mañana,3.4511385868933235
B,mañana,2.5461219099265398
B,mañana,3.7596419618208845
B,mañana,3.2553960442637973
B,mañana,3.5152902928120286
B,mañana,2.6710827230739316
B,mañana,3.427262613533308
B,mañana,2.4540330498023435
B,mañana,3.4451237504182544
B,mañana,3.0859196698967657
B,mañana,3.276625609992392
B,mañana,2.412202697187574
B,mañana,2.552465078861698
B,mañana,3.2986141091266923
B,mañana,2.5258259978878996
B,mañana,3.2316031460495616
B,mañana,2.316431096769877
B,mañana,3.4240871063333342
B,mañana,2.3837383426157457
B,mañana,3.2761499688397615
B,mañana,3.3128154668230003
B,mañana,2.6516140907852126
B,mañana,3.2910132835423633
B,mañana,3.130221131666778
B,mañana,2.7305790719036307
B,mañana,2.495722657961896
B,mañana,2.0186871541637106
B,mañana,3.1748250236498468
B,mañana,2.2175986143189723
B,mañana,3.047672099720654
B,mañana,2.8682758919588753
B,mañana,3.3395713877190976
B,mañana,2.848977250255068
B,mañana,2.8352761068264543
B,mañana,3.365935352144148
B,mañana,3.1675290145420587
B,mañana,3.1580779785913893
B,mañana,3.234633794904263
B,mañana,2.232213938396447
B,mañana,3.378394339993491
B,mañana,3.306234397006801
B,mañana,2.4916584357117513
B,mañana,2.8779597631628993
B,mañana,2.9803463561861845
B,mañana,2.932751607799134
B,mañana,3.1669299832842674
B,mañana,3.7156833909155917
B,mañana,3.5408833638364143
B,mañana,2.3438904032842967
B,mañana,3.3110349951530242
B,mañana,3.664466659767705
B,mañana,3.193404260344601
B,mañana,3.5454902125929832
B,mañana,4.006135222850382
B,mañana,3.5118547730534906
B,mañana,3.1246542978208645
B,mañana,3.5225442370423767
B,mañana,3.0724439165484454
B,mañana,3.011951521642478
B,mañana,2.824292882143134
B,mañana,3.781706679416054
B,mañana,2.5907856670289995
B,mañana,3.7661838623390578
B,mañana,3.2499320618701857
B,mañana,2.3003469125990295
B,mañana,3.1838246464957107
B,mañana,1.949986746174188
B,mañana,3.312754008415518
B,mañana,3.4426157414944956
B,mañana,2.703822022173973
B,mañana,3.061773847977791
B,mañana,3.977078716875143
B,mañana,2.7471266478690315
B,mañana,2.4705462064717
B,mañana,3.7408317012312993
B,mañana,3.9812935952653974
B,mañana,3.0018478359239236
B,mañana,3.505731517704178
B,mañana,3.6707379577654407
B,mañana,2.628757883730808
B,mañana,2.7573470823160657
B,mañana,3.6154372565773674
B,mañana,3.8425071393542547
B,mañana,3.2814404300871773
B,mañana,2.560092823248973
B,mañana,3.9935305558497207
B,mañana,2.734514551094018
B,mañana,2.8324311094142742
B,mañana,3.1711689172448105
B,mañana,3.7770802103573873
B,mañana,3.426987988276112
B,mañana,3.2074327501809554
B,mañana,3.231644265059053
B,mañana,3.021757334321733
B,mañana,3.2790697572592533
B,mañana,1.7352199611528485
B,mañana,2.851696270465101
B,mañana,3.1206609674583907
B,mañana,2.4244929581902466
B,mañana,3.19316165890578
B,mañana,2.897764389506939
B,mañana,3.8777378491577448
B,mañana,3.7865098626074283
B,mañana,2.7670972154409186
B,mañana,2.9245811442166523
B,mañana,2.9630262171958037
B,mañana,2.7741702619201885
B,mañana,3.0975124920140633
B,mañana,2.620858965556205
B,mañana,2.434692332531237
B,mañana,3.3113556119501344
B,mañana,3.3147647921109056
B,mañana,2.5978421201700037
B,mañana,3.4476777153812996
B,mañana,2.684211135417334
B,mañana,3.1265826190189907
B,mañana,3.410172006306228
B,mañana,2.9831937176481436
B,mañana,3.227370456070567
B,mañana,2.7417851780562144
B,mañana,2.9017667082859515
B,mañana,2.8970702845598297
B,mañana,2.6267108267298807
B,mañana,2.911612918442109
B,mañana,2.2256908505681268
B,mañana,2.754423126428948
B,mañana,2.8575622533151646
B,mañana,2.87191012375231
B,mañana,2.8792512770646104
B,mañana,2.9691179000699357
B,mañana,3.239720759043032
B,mañana,3.437258537066261
B,mañana,2.6751173865758666
B,mañana,2.398399572305428
B,mañana,2.4789777938784487
B,mañana,2.7563985394025363
B,mañana,2.8240393410917455
B,mañana,2.6150019669012714
B,mañana,2.3519416678750527
B,mañana,2.771939586262906
B,mañana,3.0907133100569855
B,mañana,3.2975147329177825
B,mañana,2.7212884734458394
B,mañana,2.793501088928283
B,mañana,2.536650845576345
B,mañana,2.984280414812612
B,mañana,2.5757856829045926
B,mañana,3.2865639066206
B,mañana,2.107066754032944
B,mañana,2.8201851637737687
B,mañana,3.150553669595871
B,mañana,3.091917258161252
B,mañana,4.3465168319902485
B,mañana,3.174900012283954
B,mañana,2.4979727015789948
B,mañana,2.9522678764554633
B,mañana,2.1118768332667743
B,mañana,2.9597001253516195
B,mañana,2.5834719714996206
B,mañana,3.457695137780081
B,mañana,2.7252298627022324
B,mañana,2.9416170421023766
B,mañana,2.6822210792977983
B,mañana,3.8694256759266654
B,mañana,2.839378616941044
B,mañana,3.916278521739601
B,mañana,3.407075881059133
B,mañana,3.241033363667693
B,mañana,3.18436657365876
B,mañana,3.196898649108126
B,mañana,2.036163710327195
B,mañana,2.8605583029246215
B,mañana,3.422578985592161
B,mañana,2.9755514082629473
B,mañana,2.2974050765982126
B,mañana,2.973797774711265
B,mañana,3.8520527581277455
B,mañana,3.6234458577673596
B,mañana,2.9689979953169843
B,mañana,3.4757246385290435
B,mañana,2.816746489815974
B,mañana,2.1480642065866404
B,mañana,2.5377670059352226
B,mañana,3.781444384254099
B,mañana,2.863003459085348
B,mañana,2.878308010312491
B,mañana,2.85008090186256
B,mañana,3.9520682947865033
B,mañana,3.8129794576810316
B,mañana,4.109390116724067
B,mañana,2.9204773947999745
B,mañana,3.1478122443735477
B,mañana,2.2416787252896047
B,mañana,3.7384672130591374
B,mañana,2.4161102243660326
B,mañana,3.1083877818813144
B,mañana,2.451348736183578
B,mañana,2.7055665866306517
B,mañana,2.58136878447515
B,mañana,2.696062369662091
B,mañana,2.7304386484255105
B,mañana,2.7258656025374615
B,mañana,3.4166669558901535
B,mañana,2.44756860346874
B,mañana,3.1102707135069334
B,mañana,3.6089795761527794
B,mañana,2.743401817743302
B,mañana,2.641040554626199
B,mañana,2.8847376874098747
B,mañana,3.589862604180355
B,mañana,3.097053815476679
B,mañana,2.734392852696201
B,mañana,3.24193832559402
B,mañana,2.4488539250817882
B,mañana,3.340679755221474
B,mañana,3.204303653850884
B,mañana,2.846095764430558
B,mañana,2.5807071007763844
B,mañana,2.5566595388582716
B,mañana,3.2674086681729553
B,mañana,3.614490251244531
B,mañana,2.6813461264856024
B,mañana,3.2291933517757423
B,mañana,1.9564864906989656
B,mañana,2.7076911346714003
B,mañana,2.984470533564549
B,mañana,2.5451582915090833
B,mañana,2.531746812605202
B,mañana,2.666110221765557
B,mañana,3.1460963641631867
B,mañana,2.906335490796813
B,mañana,1.880884383337514
B,mañana,1.939649923682467
B,mañana,2.6965674110714124
B,mañana,3.228843293026776
B,mañana,1.6262475786373827
B,mañana,2.7501349119241847
B,mañana,2.7368760717412894
B,mañana,3.694168889104224
B,mañana,2.807489094143568
B,mañana,3.191494492370464
B,mañana,3.0706285700437315
B,mañana,1.9347167600963997
B,mañana,3.3841036083158684
B,mañana,3.107698252728144
B,mañana,3.254134319837295
B,mañana,4.963118853218163
B,mañana,1.9579435302507058
B,mañana,3.8623483248805544
B,mañana,2.856276240299822
B,mañana,3.1436644522015045
B,mañana,2.977243877349379
B,mañana,2.787881833300978
B,mañana,2.7150835358806207
B,mañana,3.1647543677865047
B,mañana,2.2414131516641604
B,mañana,3.3752895837608827
B,mañana,2.791902797557373
B,mañana,2.4349653304798213
B,mañana,2.774993571002093
B,mañana,3.628574608431286
B,mañana,2.7323324564918883
B,mañana,3.17922680910481
B,mañana,2.6345218621422632
B,mañana,3.3789609249618096
B,mañana,3.342753869395102
B,mañana,3.924304416648206
B,mañana,2.9122180272503924
B,mañana,3.3343274023789533
B,mañana,3.0490337697694723
B,mañana,3.647935890931507
B,mañana,2.640583806195635
B,mañana,3.3725026564386407
B,mañana,2.902651351941659
B,mañana,2.9679059114457513
B,mañana,3.0458762422241863
B,mañana,3.126120198213339
B,mañana,2.941885478439021
B,mañana,3.1073565915852632
B,mañana,3.789059028781092
B,mañana,3.4927248428076094
B,mañana,3.4345772962484484
B,mañana,2.7722302369880647
B,mañana,2.555379585885838
B,mañana,3.4776502791188766
B,mañana,3.438023396264897
B,mañana,3.736335337875491
B,mañana,2.6980096870153853
B,mañana,2.8852256723198266
B,mañana,2.180257918737283
B,mañana,2.8037644469695637
B,mañana,3.4982852552897237
B,mañana,2.766752310385901
B,mañana,3.3202398976004117
B,mañana,2.9047484470010945
B,mañana,3.1620285141107805
B,mañana,2.426154305092166
B,mañana,3.0426047248169503
B,mañana,1.5044320145496384
B,mañana,2.9065519209190076
B,mañana,2.18476337814243
B,mañana,3.602997258273408
B,mañana,3.3887036763822556
B,mañana,3.2333354909830403
B,mañana,3.76050311357969
B,mañana,2.5255417395875814
B,mañana,3.873681598957779
B,mañana,3.4660957821301923
B,mañana,2.8817223563905268
B,mañana,3.567810073591472
B,mañana,2.446853243794183
B,mañana,2.587742919236163
B,mañana,2.69570513838015
B,mañana,2.735511145967992
B,mañana,2.4717211786198736
B,mañana,3.6115415335476624
B,mañana,2.870572799815084
B,mañana,3.17625248417844
B,mañana,2.71482431679316
B,mañana,2.0896983497257415
B,mañana,3.135028679195711
B,mañana,2.0438725122901116
B,mañana,2.965682976957266
B,mañana,2.3158424805835947
B,mañana,3.993637999615404
B,mañana,3.4556813610873607
B,mañana,3.05287689563574
B,mañana,3.631853338827334
B,mañana,2.576842011267132
B,mañana,3.2717396893350466
B,mañana,3.099905216859357
B,mañana,3.132010040666835
B,mañana,3.6361767500533837
B,mañana,3.366246051389901
B,mañana,3.1443618314125117
B,mañana,2.1725562818858517
B,mañana,2.5199768523602684
B,mañana,2.9386455332021377
B,mañana,3.0466861871383255
B,mañana,2.434898137663038
B,mañana,4.205838337789211
B,mañana,3.758197027626786
B,mañana,3.3010591601962416
B,mañana,3.0360184306418723
B,mañana,2.893895515049424
B,mañana,2.5240407699888823
B,mañana,3.0387402592594315
B,mañana,3.1288762700713755
B,mañana,2.379119712259188
B,mañana,3.1670882086224488
B,mañana,2.9223704755876256
B,mañana,2.0460962210613047
B,mañana,2.569807494610249
B,mañana,2.793197233289178
B,mañana,3.9438438286700954
B,mañana,3.2782765622668792
B,mañana,2.3322592154500543
B,mañana,3.2430181447088184
B,mañana,2.2263480055308174
B,mañana,3.5413455269435365
B,mañana,2.764437674091061
B,mañana,2.9531819056304145
B,mañana,3.662898323771095
B,mañana,2.3564182157078752
B,mañana,2.3014409074435043
B,mañana,2.7082003368269976
B,mañana,3.5191894255096585
B,mañana,2.240326962261579
B,mañana,1.5839222009447156
B,mañana,2.7744205707955008
B,mañana,3.27587039995546
B,mañana,3.6001308748694147
B,mañana,2.7684193189573003
B,mañana,2.794286696441999
B,mañana,3.5769503671278735
B,mañana,2.0651291501522895
B,mañana,2.8057396124084955
B,mañana,3.095211944962529
B,mañana,3.2246093606425172
B,mañana,2.7450966534045587
B,mañana,3.0172205058529205
B,mañana,1.7558363232935053
B,mañana,2.670875793833076
B,mañana,3.2267543562772336
B,mañana,2.5088529828726602
B,mañana,3.0294921107947985
B,mañana,3.223436250401349
B,mañana,2.8287253995711175
B,mañana,3.0852318854982856
B,mañana,2.518633717357694
B,mañana,2.896694360151977
B,mañana,3.305108084794611
B,mañana,3.078486480484217
B,mañana,2.7067343652180322
B,mañana,3.1121082021453965
B,mañana,3.357304895318309
B,mañana,1.975029360711261
B,mañana,3.579537032477949
B,mañana,2.831872630659464
B,mañana,3.2127449666201153
B,mañana,3.598623461822614
B,mañana,2.314163151384767
B,mañana,2.645279498786227
B,mañana,2.8557256520621475
B,mañana,2.608123239437786
B,mañana,3.8674682879184044
B,mañana,2.5716139530866036
B,mañana,2.7222266102565666
B,mañana,3.1021945158014885
B,mañana,2.3989252369619556
B,mañana,2.802159644121868
B,mañana,3.1587266306250874
B,mañana,2.833569797808744
B,mañana,2.953306570550026
B,mañana,2.7353339437758146
B,mañana,2.2427648454096163
B,mañana,3.1607966056696193
B,mañana,3.8774665358236207
B,mañana,3.009200815391719
B,mañana,3.112632058623775
B,mañana,3.3463613775584298
B,mañana,2.3653347517266505
B,mañana,3.851257329064803
B,mañana,3.101164398211401
B,mañana,3.8159284495445545
B,mañana,2.6334835022380054
B,mañana,3.9090309612789125
B,mañana,3.3875777470173913
B,mañana,3.276520042926179
B,mañana,3.117012227176574
B,mañana,2.875735690962775
B,mañana,3.6002658292369363
B,mañana,3.0701799349240235
B,mañana,2.0164651482064238
B,mañana,2.4414067691464987
B,mañana,2.907077123903626
B,mañana,3.1549994915827777
B,mañana,2.971705755550052
B,mañana,3.6094853948968315
B,mañana,2.0244490679806875
B,mañana,3.07179396825258
B,mañana,2.0910103873064227
B,mañana,3.379856147742084
B,mañana,2.9527706427789986
B,mañana,3.209804986012059
B,mañana,2.568058519705117
B,mañana,3.6397324658288754
B,mañana,3.5208623320294254
B,mañana,3.2917721515059437
B,mañana,2.9352413765682797
B,mañana,3.289928642647566
B,mañana,2.6465537160063257
B,mañana,3.4277778295103563
B,mañana,3.8247404471619606
B,mañana,3.535305279989593
B,mañana,2.635198765096295
B,mañana,3.1807086586365516
B,mañana,2.3534292281206763
B,mañana,3.286195155587838
B,mañana,3.2253017064312695
B,mañana,2.065091830233918
B,mañana,2.419108078043818
B,mañana,2.8584305516281163
B,mañana,2.8495701264295867
B,mañana,2.3952615322905975
B,mañana,3.194489364676092
B,mañana,3.125736804470256
B,mañana,2.9028654340107405
B,mañana,2.6221042499208185
B,mañana,3.524353563208282
B,mañana,3.8277035565441477
B,mañana,2.7582192580767315
B,mañana,2.6939165414225896
B,mañana,3.245603832705998
B,mañana,2.820985310126507
B,mañana,2.930301399668383
B,mañana,3.369826575862336
B,mañana,2.0453219562463536
B,mañana,3.6591511624263346
B,mañana,3.0363402621646705
B,mañana,2.79425342771891
B,mañana,2.9553829228892754
B,mañana,2.9812146775102595
B,mañana,2.134399348277537
B,mañana,3.747469113726618
B,mañana,3.0206628161353093
B,mañana,3.2215010652236877
B,mañana,3.4757748852870214
B,mañana,2.48941877121985
B,mañana,3.2367359495176142
B,mañana,2.866179454550603
B,mañana,3.423385387608247
B,mañana,1.9363862898242523
B,mañana,2.9504528498793654
B,mañana,2.698589672108019
B,mañana,3.2161314753170775
B,mañana,3.235022093684101
B,mañana,2.646187052588987
B,mañana,2.643913067911978
B,mañana,2.944667315721335
B,mañana,2.551678886342396
B,mañana,3.4209918477260635
B,mañana,2.8153963997762768
B,mañana,1.5465058903391793
B,mañana,2.812588971689097
B,mañana,2.480728089578014
B,mañana,2.1843620922695273
B,mañana,2.3812866808887136
B,mañana,3.054704235916485
B,mañana,3.6643204141241155
B,mañana,3.15659223693249
B,mañana,2.69674830589213
B,mañana,3.2279520975853515
B,mañana,2.770454844890504
B,mañana,2.6526998154184276
B,mañana,2.422818665883508
B,mañana,2.1240855966241403
B,mañana,2.8050381467202774
B,mañana,3.079026744960066
B,mañana,2.951688164992555
B,mañana,2.7920165360263205
B,mañana,2.5271269696516097
B,mañana,3.3041230958424843
B,mañana,2.3414340400267077
B,mañana,3.388013956921738
B,mañana,2.4988914905366375
B,mañana,2.6237823813234824
B,mañana,2.2666074046921616
B,mañana,2.7492989265571817
B,mañana,3.4876562292389894
B,mañana,3.2578140442219783
B,mañana,3.4892110560140175
B,mañana,3.261071272966968
B,mañana,2.448165085734815
B,mañana,2.834605387836221
B,mañana,2.6099004354412685
B,mañana,3.66528745201952
B,mañana,2.4016056767868443
B,mañana,3.4468488446945553
B,mañana,3.4464769350543847
B,mañana,3.914810100858044
B,mañana,2.7951567036852514
B,mañana,3.356161079790081
B,mañana,4.140825918269421
B,mañana,2.6911791615331517
B,mañana,2.2324798762338203
B,mañana,2.059994983046118
B,mañana,3.3563560144306654
B,mañana,2.058424895970708
B,mañana,2.8138404735310387
B,mañana,3.2186565935194804
B,tarde,4.092587768414957
B,tarde,4.212722432092086
B,tarde,4.111144927900427
B,tarde,4.639432906656697
B,tarde,3.5238418096306017
B,tarde,3.6615024307707342
B,tarde,3.613670277364588
B,tarde,4.415095905931305
B,tarde,4.450199294197532
B,tarde,4.225612659659254
B,tarde,4.591746833444964
B,tarde,3.4109795663118097
B,tarde,4.833612055775569
B,tarde,4.761619310856129
B,tarde,4.367810998622874
B,tarde,4.89089945438553
B,tarde,3.1716883961611133
B,tarde,3.737775931868674
B,tarde,3.632348269659024
B,tarde,4.360739661878672
B,tarde,3.474929630198927
B,tarde,4.3787475746687425
B,tarde,4.685268071998356
B,tarde,4.347601450041999
B,tarde,4.141875511830751
B,tarde,3.5060633295496255
B,tarde,3.5765745169373178
B,tarde,4.624809452648333
B,tarde,4.389674501952666
B,tarde,3.980490240311228
B,tarde,3.7910452271170545
B,tarde,2.9870960634443113
B,tarde,3.4645737906577807
B,tarde,4.955709543569862
B,tarde,3.3597722144987667
B,tarde,4.09473991061054
B,tarde,4.503721986597599
B,tarde,3.372538665998854
B,tarde,4.092355237390541
B,tarde,4.4689577687553275
B,tarde,4.006249660953626
B,tarde,5.434201527833384
B,tarde,3.165700370560902
B,tarde,4.52936426494194
B,tarde,3.9135991313017677
B,tarde,4.385960077418337
B,tarde,4.220653575849623
B,tarde,3.6334219014450015
B,tarde,4.11449819622967
B,tarde,3.071049274300856
B,tarde,4.301623750285697
B,tarde,4.149079232995263
B,tarde,4.319330084321551
B,tarde,4.529059162543575
B,tarde,4.1838099201048555
B,tarde,4.074044709899138
B,tarde,3.5594658316693537
B,tarde,3.6438896181754745
B,tarde,4.593367310088666
B,tarde,4.718167702852989
B,tarde,3.880944781843973
B,tarde,4.023001373626637
B,tarde,3.547692812503117
B,tarde,4.5863784226337225
B,tarde,4.332708411845889
B,tarde,4.970608718231874
B,tarde,3.5608384614101305
B,tarde,3.8109960504908913
B,tarde,4.115722961262787
B,tarde,4.323244768862885
B,tarde,3.892166181226184
B,tarde,3.5635194547731497
B,tarde,4.4407037644617855
B,tarde,4.360567681272791
B,tarde,3.5418629497181375
B,tarde,4.677721400552748
B,tarde,4.585099354598302
B,tarde,4.067148248623896
B,tarde,4.0397989311880185
B,tarde,4.277028885557954
B,tarde,3.569148464871871
B,tarde,4.015015739582041
B,tarde,2.92380822769541
B,tarde,4.438227822751468
B,tarde,3.2192533887790704
B,tarde,4.7517099142145
B,tarde,3.8349399530167747
B,tarde,3.8941665090344117
B,tarde,3.6861330469577474
B,tarde,3.855980563038962
B,tarde,4.709265672574018
B,tarde,2.75609567173246
B,tarde,4.638482693044094
B,tarde,4.169011740550854
B,tarde,3.396489176071392
B,tarde,3.462343803475381
B,tarde,4.838196513604101
B,tarde,3.5272465600286345
B,tarde,3.42332474470202
B,tarde,4.5686572711823645
B,tarde,4.1692764381429575
B,tarde,3.5310372117318005
B,tarde,4.108312487702309
B,tarde,3.4871236581798613
B,tarde,4.5504106992113025
B,tarde,4.530685482436567
B,tarde,4.2660030994109714
B,tarde,4.180830530623508
B,tarde,4.880594062433687
B,tarde,3.9998431636941127
B,tarde,3.4090629372895993
B,tarde,4.224736956416153
B,tarde,5.043023524768557
B,tarde,3.492620253407074
B,tarde,3.819268616653007
B,tarde,4.208223019050727
B,tarde,3.9730475754971306
B,tarde,3.508848209811343
B,tarde,4.560928928115235
B,tarde,5.1600203610086295
B,tarde,4.098065729511954
B,tarde,3.547965855132
B,tarde,3.2255197374732623
B,tarde,4.12898799061059
B,tarde,4.551938671658129
B,tarde,4.237583873247691
B,tarde,3.998798079540573
B,tarde,3.705364174105347
B,tarde,3.453918183640955
B,tarde,4.417375663162441
B,tarde,4.456885810692793
B,tarde,3.227135106654633
B,tarde,4.794919489090342
B,tarde,4.287035610447001
B,tarde,4.699797322572897
B,tarde,3.3289361257574424
B,tarde,3.3170879222922807
B,tarde,3.9255153451163514
B,tarde,4.251392213447597
B,tarde,4.898180411463482
B,tarde,4.353039456907566
B,tarde,3.8786593615939835
B,tarde,3.486815396167054
B,tarde,4.615000286359575
B,tarde,3.5176472871246425
B,tarde,4.814234277386161
B,tarde,3.8578076751967454
B,tarde,4.795291036308925
B,tarde,4.339465645029639
B,tarde,3.931502255278771
B,tarde,3.7403018140869366
B,tarde,3.82954606132696
B,tarde,4.214158346187618
B,tarde,4.038578248108858
B,tarde,3.7030942959656477
B,tarde,3.9171842948411837
B,tarde,4.0392885148595745
B,tarde,2.935632952792594
B,tarde,4.229084057394349
B,tarde,3.5101393876415967
B,tarde,3.4233337983971275
B,tarde,3.156327826444645
B,tarde,3.1030537510660547
B,tarde,3.3222762484438553
B,tarde,3.645489521184755
B,tarde,4.976629568763284
B,tarde,3.737060162052398
B,tarde,4.088875053134016
B,tarde,4.200240693253164
B,tarde,4.065532593107925
B,tarde,3.961278269637003
B,tarde,3.4023531182003777
B,tarde,4.725463774139606
B,tarde,4.903598321818943
B,tarde,3.1586706529386572
B,tarde,3.4879857045568103
B,tarde,3.860094828811497
B,tarde,3.5177311025449045
B,tarde,4.252982776727933
B,tarde,3.6358638987966936
B,tarde,5.082528033903301
B,tarde,4.595274297171798
B,tarde,4.1062870153161075
B,tarde,4.513493131659866
B,tarde,4.552950212178654
B,tarde,3.7180262559708783
B,tarde,3.591891377729018
B,tarde,4.039071531484824
B,tarde,4.430818062248972
B,tarde,4.069530199326709
B,tarde,3.211501758904501
B,tarde,3.5985877780245787
B,tarde,3.963013568202811
B,tarde,3.962167197837085
B,tarde,4.986271088394904
B,tarde,3.307006028800501
B,tarde,4.252794620917937
B,tarde,4.744556554164145
B,tarde,5.135724872711398
B,tarde,3.7978012884080194
B,tarde,4.2457147263601
B,tarde,4.284880178599323
B,tarde,4.097740865776645
B,tarde,3.950577399380347
B,tarde,4.217987694750023
B,tarde,2.7338769573901573
B,tarde,4.341034745031315
B,tarde,4.063088951830983
B,tarde,3.8887625516108675
B,tarde,5.023431097859779
B,tarde,3.6625329906047237
B,tarde,3.7984620054674845
B,tarde,4.995776651102367
B,tarde,3.5839693475750716
B,tarde,3.7249423585317305
B,tarde,3.926487288284575
B,tarde,4.420367241064775
B,tarde,4.103901253676657
B,tarde,3.3536873264238687
B,tarde,3.733915718436405
B,tarde,3.696322783393894
B,tarde,3.9613894773884772
B,tarde,4.212921829314914
B,tarde,4.209102877943986
B,tarde,3.111994122975799
B,tarde,4.531970493780428
B,tarde,4.126284422998312
B,tarde,4.692266023796953
B,tarde,4.2220991636453356
B,tarde,4.550661478867881
B,tarde,4.233272655725063
B,tarde,4.673112878101374
B,tarde,4.261125318008889
B,tarde,3.951042376778548
B,tarde,5.136217360223441
B,tarde,4.444518561139946
B,tarde,4.286872210502207
B,tarde,3.361847791730832
B,tarde,3.355846191268231
B,tarde,4.1463577410709265
B,tarde,4.072760598884121
B,tarde,3.692938717495842
B,tarde,4.07049134980603
B,tarde,4.794313464021798
B,tarde,4.34770123727515
B,tarde,3.429495745123631
B,tarde,3.944245586428528
B,tarde,3.5975167595737196
B,tarde,3.8061500417957195
B,tarde,3.7931921671851785
B,tarde,3.7611772086979975
B,tarde,3.3724323140133023
B,tarde,3.936172659240905
B,tarde,3.719696181576345
B,tarde,2.535275654998866
B,tarde,5.026486012250832
B,tarde,4.5443848271083365
B,tarde,3.811849637537502
B,tarde,4.009409524870299
B,tarde,3.414172826341219
B,tarde,4.847861438905433
B,tarde,4.948644347386556
B,tarde,4.0783468641232625
B,tarde,4.511765322092672
B,tarde,4.087643389466962
B,tarde,3.3316372805620347
B,tarde,3.7940883155181715
B,tarde,4.065963983385979
B,tarde,3.772726140628278
B,tarde,3.890673361282482
B,tarde,3.954300221245443
B,tarde,3.9595607510672695
B,tarde,4.026129245248741
B,tarde,3.4696974668016995
B,tarde,3.641491925436032
B,tarde,3.3577078671500153
B,tarde,4.4889077748431
B,tarde,2.9471765290798375
B,tarde,4.576795171658462
B,tarde,4.693174698631422
B,tarde,3.8489097065086892
B,tarde,2.6984314560863507
B,tarde,3.819344719016355
B,tarde,3.96790791935559
B,tarde,3.4947008900355434
B,tarde,3.7423908030958786
B,tarde,4.765097599431676
B,tarde,4.33246358115087
B,tarde,3.53771794281095
B,tarde,3.201200415202284
B,tarde,3.8364913411951145
B,tarde,3.893271610324781
B,tarde,4.248099593681658
B,tarde,3.7323416437161705
B,tarde,4.255749787680931
B,tarde,4.967577020030115
B,tarde,4.407750511222131
B,tarde,3.9759557463346136
B,tarde,3.9084247644733527
B,tarde,3.8216634329100643
B,tarde,4.590320456226072
B,tarde,3.6863432770243487
B,tarde,4.0226113544999915
B,tarde,4.025598950940543
B,tarde,3.749107903594234
B,tarde,3.3137672260579496
B,tarde,4.161487251808834
B,tarde,3.9694980140723084
B,tarde,4.250120234718285
B,tarde,3.7331998467804164
B,tarde,4.610410649406524
B,tarde,3.5616131093940777
B,tarde,4.856020142008946
B,tarde,3.1261817450858693
B,tarde,4.217385032278446
B,tarde,4.2377153412633115
B,tarde,3.602221466029559
B,tarde,4.212196968930506
B,tarde,4.639759334880079
B,tarde,2.891590580322968
B,tarde,4.251372403745408
B,tarde,2.7533645898349612
B,tarde,3.517167598238396
B,tarde,4.814583182450472
B,tarde,3.709108983303973
B,tarde,3.4130600177955137
B,tarde,3.901031135507659
B,tarde,5.0339531690817765
B,tarde,3.084158876396987
B,tarde,3.474345044180328
B,tarde,4.748715841589814
B,tarde,4.928851171768867
B,tarde,3.948284387854858
B,tarde,3.380473648736679
B,tarde,5.04792175090458
B,tarde,4.797221195874599
B,tarde,4.339473493881116
B,tarde,3.59379882553129
B,tarde,3.9754853295809816
B,tarde,3.9198199594775844
B,tarde,4.165425652307789
B,tarde,4.725500719065668
B,tarde,4.4397085205687015
B,tarde,3.461311961507621
B,tarde,4.688248225009769
B,tarde,4.156566070006578
B,tarde,4.3435328979294585
B,tarde,4.733270429639301
B,tarde,3.4442098752432244
B,tarde,3.9820872106467684
B,tarde,3.7342727243203924
B,tarde,3.216070287317272
B,tarde,4.17335498880246
B,tarde,5.255778275792212
B,tarde,3.0799611277471235
B,tarde,3.9838596944752647
B,tarde,4.320271467537387
B,tarde,4.0615391008280906
B,tarde,3.9434359737421296
B,tarde,3.350391818277088
B,tarde,4.116393371470082
B,tarde,3.621618011492037
B,tarde,2.905039147510723
B,tarde,4.597296110256865
B,tarde,4.4791929099210215
B,tarde,4.02583048842554
B,tarde,4.114537344102851
B,tarde,4.537159006357781
B,tarde,4.1121698283890415
B,tarde,4.452008777380657
B,tarde,3.8512588995630748
B,tarde,4.655991869286973
B,tarde,4.160392862966342
B,tarde,4.097025971802937
B,tarde,3.364969455643984
B,tarde,4.143477927150855
B,tarde,3.584022541252774
B,tarde,3.6808586367357528
B,tarde,3.5923121858419393
B,tarde,3.4668825340503875
B,tarde,5.0623857015084806
B,tarde,4.665669530994202
B,tarde,4.9601837510721305
B,tarde,3.388552490222218
B,tarde,4.0356268749554465
B,tarde,3.353246187397952
B,tarde,3.652152561401468
B,tarde,3.5409365082917126
B,tarde,4.61979200322078
B,tarde,3.80188516094912
B,tarde,4.534189666847008
B,tarde,4.302060444794259
B,tarde,5.151819376052394
B,tarde,3.2602778884301378
B,tarde,4.629616619893399
B,tarde,4.573220435200364
B,tarde,3.5133105809864826
B,tarde,4.50356666823658
B,tarde,4.168072481513114
B,tarde,3.8862618700232963
B,tarde,3.5880322565140004
B,tarde,3.640445274275407
B,tarde,5.024906047892963
B,tarde,4.000341409478741
B,tarde,4.39106500076573
B,tarde,3.6045503091662234
B,tarde,3.6100735268891806
B,tarde,4.540992404624971
B,tarde,3.3252118942242337
B,tarde,3.7923931160473643
B,tarde,4.017013705536116
B,tarde,4.055686300920026
B,tarde,3.910453357491922
B,tarde,4.197909890547962
B,tarde,4.346427877908906
B,tarde,4.367318772729665
B,tarde,3.5070980956660867
B,tarde,3.8579224510356016
B,tarde,4.597381430938469
B,tarde,4.447323593786936
B,tarde,3.313570274259468
B,tarde,4.175739950176101
B,tarde,3.0108873753125946
B,tarde,4.023467451030185
B,tarde,4.9488835083729885
B,tarde,3.526053641365507
B,tarde,3.582838477254209
B,tarde,4.382014890786429
B,tarde,3.228599242395177
B,tarde,3.6836224850574806
B,tarde,4.298220568790876
B,tarde,3.6828570761552983
B,tarde,3.8820150063945142
B,tarde,4.3720928551575176
B,tarde,4.210773041768281
B,tarde,4.133409198147701
B,tarde,3.8304388603649806
B,tarde,4.1850305576344775
B,tarde,3.9381336599501218
B,tarde,4.2289028049628925
B,tarde,3.751533987441011
B,tarde,3.9087155128102293
B,tarde,3.505021103723993
B,tarde,3.982496194996882
B,tarde,3.5944995681855776
B,tarde,3.4429767749190034
B,tarde,4.129330573927694
B,tarde,4.10636988792883
B,tarde,4.391436867474286
B,tarde,3.7844372152124506
B,tarde,4.2040264234183775
B,tarde,4.275398786136831
B,tarde,4.2223869039157975
B,tarde,3.587173158598929
B,tarde,4.074681741135595
B,tarde,4.18207014802733
B,tarde,4.003589233453971
B,tarde,2.956761170814458
B,tarde,4.08024481198674
B,tarde,5.106265519698621
B,tarde,3.8199803656215088
B,tarde,3.6359614510723395
B,tarde,4.1866742798556995
B,tarde,4.1561891052332856
B,tarde,4.596367582708207
B,tarde,3.371065922045556
B,tarde,4.365690126287496
B,tarde,4.295211030625731
B,tarde,3.928926731529727
B,tarde,4.169343658960845
B,tarde,4.514728740799178
B,tarde,4.436157690014225
B,tarde,3.428490343963136
B,tarde,4.4100790933777425
B,tarde,3.9676556974837407
B,tarde,4.036437049007758
B,tarde,4.036598495500847
B,tarde,3.92487850560087
B,tarde,4.595853748553532
B,tarde,3.958141020075394
B,tarde,3.4402269358084157
B,tarde,3.8032350720151356
B,tarde,4.089347358405238
B,tarde,4.6146073921485256
B,tarde,4.301547342474417
B,tarde,3.574732360626478
B,tarde,5.2425949583394456
B,tarde,4.13238765548899
B,tarde,4.637695368999507
B,tarde,3.9241427832113853
B,tarde,4.266679622352725
B,tarde,4.419734252259202
B,tarde,4.609097355877128
B,tarde,4.528684152689112
B,tarde,4.436098500036489
B,tarde,3.8424566344029456
B,tarde,3.7141269790219695
B,tarde,4.166303755162099
B,tarde,4.466564036170535
B,tarde,3.8886396496116964
B,tarde,4.532585982857193
B,tarde,4.726308372743089
B,tarde,3.54183954046329
B,tarde,3.58153964810186
B,tarde,3.929812470547332
B,tarde,4.1538063340945985
B,tarde,3.7377164931164746
B,tarde,4.676101339433572
B,tarde,4.2120334307592255
B,tarde,4.01972352412037
B,tarde,3.282045238065736
B,tarde,3.342092091786246
B,tarde,4.1405046251409034
B,tarde,2.9337021869225817
B,tarde,4.506318704822036
B,tarde,3.92092307781384
B,tarde,5.621546484797367
B,tarde,5.153958125308055
B,tarde,3.9092754653762416
B,tarde,3.9468314987343427
B,tarde,4.497790757001015
B,tarde,4.851586304959019
B,tarde,3.180985471281992
B,tarde,3.1068122673226566
B,tarde,3.688982597222809
B,tarde,4.291368791586932
B,tarde,4.248436795253799
B,tarde,4.534885727491925
B,tarde,3.400151235817346
B,tarde,2.8419280685155615
B,tarde,4.4290070976510725
B,tarde,3.5859018635173827
B,tarde,2.9907560678056813
B,tarde,4.072531872979691
B,tarde,4.396587844109339
B,tarde,3.9389714339393613
B,tarde,3.7710758069087555
B,tarde,3.9203188839270466
B,tarde,3.8147086187996084
B,tarde,3.3259764440299167
B,tarde,3.642659661504784
B,tarde,4.260639952506907
B,tarde,4.16083927068825
B,tarde,4.08402990298341
B,tarde,3.50242575907331
B,tarde,3.9092484189321666
B,tarde,2.9114674767785726
B,tarde,4.089238331942695
B,tarde,4.714428853906783
B,tarde,3.262933933978947
B,tarde,3.7070361633411224
B,tarde,4.164553389355064
B,tarde,4.626421317213742
B,tarde,3.7758876918499253
B,tarde,3.653874835367052
B,tarde,3.0155384287919587
B,tarde,4.051719064654053
B,tarde,5.021038020071872
B,tarde,4.138679230982338
B,tarde,3.988860510408143
B,tarde,4.161041155383493
B,tarde,3.994453998025699
B,tarde,3.593492813869935
B,tarde,4.411639957838853
B,tarde,4.112880761555878
B,tarde,4.0088066259668285
B,tarde,3.512316986360875
B,tarde,4.651753965967379
B,tarde,4.332351372666555
B,tarde,3.723539581316349
B,tarde,4.500912426840968
B,tarde,3.7512145808073964
B,tarde,3.6089982537444816
B,tarde,3.6201484412598566
B,tarde,3.1144657234559543
B,tarde,4.235771190209103
B,tarde,3.084427560830825
B,tarde,3.385778084367119
B,tarde,2.9622059954607334
B,tarde,3.9569651536045534
B,tarde,3.924839769864064
B,tarde,3.836651893406818
B,tarde,3.4787111526647116
B,tarde,3.41388312328168
B,tarde,4.232184931773287
B,tarde,3.724724034145756
B,tarde,4.158179160768072
B,tarde,3.557375656937889
B,tarde,4.090531371385541
B,tarde,4.651639018658032
B,tarde,4.293082900196391
B,tarde,3.79379309089176
B,tarde,4.128599485177964
B,tarde,3.8796674127348934
B,tarde,4.0039400923473645
B,tarde,3.837194473925748
B,tarde,3.9178323970573046
B,tarde,4.106046676537088
B,tarde,3.503320650209025
B,tarde,3.4920605865050107
B,tarde,3.3057287230843944
B,tarde,3.199864447748145
B,tarde,3.3913586538897604
B,tarde,4.079731253402064
B,tarde,3.553606242254058
B,tarde,4.256807232115548
B,tarde,4.017356874376281
B,tarde,3.015747893280973
B,tarde,4.327487792110845
B,tarde,4.405399322795855
B,tarde,3.5030686625825735
B,tarde,4.210095771447496
B,tarde,3.5717508812954004
B,tarde,4.048835188374167
B,tarde,3.3677507965225173
B,tarde,3.1034467737327116
B,tarde,3.8085914051935155
B,tarde,3.938135526862582
B,tarde,3.801160153192698
B,tarde,3.40798472088872
B,tarde,3.8000504689344314
B,tarde,4.134647376290367
B,tarde,3.9775534849387313
B,tarde,4.091250515299607
B,tarde,3.6649423997728836
B,tarde,4.58585895735808
B,tarde,3.4119133317226096
B,tarde,4.243780148543359
B,tarde,4.590945546479981
B,tarde,4.240454046374448
B,tarde,3.898737886467585
B,tarde,3.7358514766685103
B,tarde,4.518043825523128
B,tarde,3.2885125373691633
B,tarde,3.5149378698101783
B,tarde,3.8012211172541392
B,tarde,4.618826878755999
B,tarde,4.189883818020448
B,tarde,3.5159771207448776
B,tarde,3.8448461473075484
B,tarde,3.6928384279518527
B,tarde,3.6451055038832325
B,tarde,4.48944477927839
B,tarde,3.3141284353682474
B,tarde,4.804390427867187
B,tarde,4.414114845092311
B,tarde,4.545430835301849
B,tarde,3.768530243987371
B,tarde,3.9250296404604454
B,tarde,3.283424092737644
B,tarde,3.7376687964665987
B,tarde,4.246827423821576
B,tarde,4.648031530890698
B,tarde,3.4464215915987744
B,tarde,3.817247031507367
B,tarde,3.9243503898837386
B,tarde,3.302105398903757
B,tarde,4.2956746208792005
B,tarde,3.6380048341286955
B,tarde,3.902304824411488
B,tarde,3.774025314044061
B,tarde,3.605330747140163
B,tarde,3.9964775072597227
B,tarde,3.8921952107159887
B,tarde,3.814071058860667
B,tarde,3.6357691891598285
B,tarde,4.159762335391478
B,tarde,4.8268086342461425
B,tarde,4.069943616419564
B,tarde,4.498059107455564
B,tarde,3.3048890374232687
B,tarde,4.078880719646885
B,tarde,3.4513158405144666
B,tarde,3.2615375362340493
B,tarde,3.6303142962704817
B,tarde,4.595949667206787
B,tarde,4.475007914334823
B,tarde,4.1215023610272
B,tarde,3.2336497200550345
B,tarde,3.9018596743060314
B,tarde,4.150850004450867
B,tarde,4.087768114789299
B,tarde,3.078103208259627
B,tarde,3.554841075990064
B,tarde,3.9679611179256415
B,tarde,4.268145454758595
B,tarde,2.901936089450027
B,tarde,3.918938012260071
B,tarde,4.071524384939476
B,tarde,4.424805994258106
B,tarde,4.346428792118719
B,tarde,4.291285659404402
B,tarde,3.600029746649033
B,tarde,3.045998931438346
B,tarde,3.8034736214692995
B,tarde,4.50081591260428
B,tarde,4.696727263762216
B,tarde,4.355274551148892
B,tarde,4.214670411400867
B,tarde,4.189819824192983
B,tarde,3.7219406266196096
B,tarde,3.93496985322319
B,tarde,4.834534762913165
B,tarde,3.528720997104062
B,tarde,4.807389395354925
B,tarde,3.8389859227539707
B,tarde,4.6627160545475395
B,tarde,3.2965924952512307
B,tarde,4.292952100582324
B,tarde,3.631614932026189
B,tarde,3.292366404037906
B,tarde,4.109267021205473
B,tarde,4.504735894297984
B,tarde,3.577529280703252
B,tarde,3.2504920197707996
B,tarde,3.9540776178325223
B,tarde,3.9562823356114096
B,tarde,4.274159813777249
B,tarde,4.474797285682244
B,tarde,3.970292409363753
B,tarde,4.927751657397131
B,tarde,4.112117372267646
B,tarde,3.82678674699655
B,tarde,3.194216320448586
B,tarde,3.868670239841916
B,tarde,3.831806527294432
B,tarde,4.480152398140735
B,tarde,4.231241812033427
B,tarde,3.4103154391836914
B,tarde,4.0861271932055185
B,tarde,4.335765585864527
B,tarde,4.764015679693916
B,tarde,4.443751983707029
B,tarde,4.380423327155739
B,tarde,4.030042997307582
B,tarde,4.194156002711725
B,tarde,4.624752450353079
B,tarde,3.3336113012601754
B,tarde,3.825280336391522
B,tarde,3.6137156256218796
B,tarde,4.189576559363062
B,tarde,4.615111087825394
B,tarde,3.701512856639463
B,tarde,2.804847816265281
B,tarde,3.793889627487765
B,tarde,4.456736866008703
B,tarde,4.26881495147494
B,tarde,4.214093123905288
B,tarde,3.8600033490627603
B,tarde,3.360484631890107
B,tarde,4.257647160812233
B,tarde,3.5828590949826875
B,tarde,5.0920483666902285
B,tarde,4.285253604177258
B,tarde,3.7096758487230246
B,tarde,3.694307376305686
B,tarde,3.9535278966932057
B,tarde,3.8802490389891253
B,tarde,4.558416887764977
B,tarde,4.093208084872023
B,tarde,3.634184130545736
B,tarde,4.945220342577891
B,tarde,4.024654165760111
B,tarde,4.384419837984448
B,tarde,3.6958867462776204
B,tarde,4.181557813872262
B,tarde,4.155554995571598
B,tarde,3.0551753539519235
B,tarde,5.00763755523032
B,tarde,4.645322230461273
B,tarde,3.801402341927006
B,tarde,3.4488651297720723
B,tarde,4.173780806901776
B,tarde,4.043348849707198
B,tarde,4.177834474281615
B,tarde,4.095788698097045
B,tarde,4.253120494652963
B,tarde,4.723652849695903
B,tarde,4.284051602564323
B,tarde,3.4751722505450293
B,tarde,4.681281426356226
B,tarde,4.820307281744144
B,tarde,5.5760283672560425
B,tarde,3.438252983380201
B,tarde,4.121441006575138
B,tarde,2.9589506484055064
B,tarde,4.276574578189605
B,tarde,3.7258998509166137
B,tarde,4.961722897412477
B,tarde,3.612692514990709
B,tarde,3.1554084810163694
B,tarde,3.7643681296487403
B,tarde,3.0122561143914313
B,tarde,4.375549727253655
B,tarde,2.9674584768718395
B,tarde,4.014228790591579
B,tarde,2.9610940900719016
B,tarde,3.839851097731679
B,tarde,4.821689077902267
B,tarde,4.180323945717897
B,noche,3.068253197517533
B,noche,3.4843982555304582
B,noche,3.5090084360222233
B,noche,3.736315172921703
B,noche,2.816570818359587
B,noche,3.796283636923665
B,noche,2.1478041841986126
B,noche,3.185057723818095
B,noche,3.2558630787742278
B,noche,3.816663413035619
B,noche,3.5113154263384345
B,noche,2.797218473071857
B,noche,3.0075034370914926
B,noche,3.5993400047737034
B,noche,3.460466329067722
B,noche,3.210437945182127
B,noche,3.2595831052440105
B,noche,3.8480839985796447
B,noche,3.2411537135653927
B,noche,3.4559543779854636
B,noche,4.584968294040271
B,noche,2.7881586815580386
B,noche,2.574078634212671
B,noche,3.8917948323993032
B,noche,3.1606784693529484
B,noche,3.34088123612869
B,noche,3.109421810934443
B,noche,3.3700999296162437
B,noche,4.29926905604817
B,noche,3.9010642293090596
B,noche,3.9311117559434887
B,noche,2.7918864721036774
B,noche,2.9244231317235654
B,noche,2.0804606702572865
B,noche,3.095309589458623
B,noche,3.978351593192829
B,noche,3.7584732578741855
B,noche,3.389243368523938
B,noche,3.4888498581409735
B,noche,3.155557228712297
B,noche,3.6023794412008923
B,noche,3.8829391397403072
B,noche,2.6920566062947637
B,noche,3.649823843918674
B,noche,3.9662174354773336
B,noche,3.2924498555183153
B,noche,3.850350306060292
B,noche,4.907327222236276
B,noche,3.447828603506554
B,noche,3.6966535250026618
B,noche,3.130971458169304
B,noche,3.5906255813010253
B,noche,3.730135812491152
B,noche,3.597421170135069
B,noche,2.9901523401455714
B,noche,3.6031808856627254
B,noche,4.231097969358818
B,noche,3.724317882257264
B,noche,3.9809935945359207
B,noche,3.3814940149936863
B,noche,3.874950119711855
B,noche,3.639633919108263
B,noche,3.024544635156384
B,noche,3.6592605023994373
B,noche,3.0041516682798446
B,noche,3.183559862557604
B,noche,3.594664153646187
B,noche,3.648622136690062
B,noche,2.9053837674614353
B,noche,4.026992885591438
B,noche,3.7860031391502362
B,noche,3.147635782194558
B,noche,2.731207601775412
B,noche,3.4275477104592844
B,noche,3.27702814306942
B,noche,3.5565702285265113
B,noche,3.3184416694222167
B,noche,2.496271569627495
B,noche,3.305826530849421
B,noche,3.3471904444658436
B,noche,3.816830512387029
B,noche,3.1509001626944753
B,noche,4.339337336686283
B,noche,2.5441797246741213
B,noche,4.1555837489013125
B,noche,3.387840514560948
B,noche,3.929792436171778
B,noche,3.5399007420293667
B,noche,4.0697777680127345
B,noche,3.3063190177235944
B,noche,2.950689787411094
B,noche,4.210252143635532
B,noche,3.443259677058929
B,noche,3.6107792368121054
B,noche,4.117375957022397
B,noche,2.9840223789527824
B,noche,3.7977454488196285
B,noche,3.2050526217685547
B,noche,3.433915322177814
B,noche,3.5361394826921444
B,noche,2.749889069276532
B,noche,3.1105814785897827
B,noche,4.17553644620657
B,noche,3.943095594292398
B,noche,3.4686802113363826
B,noche,3.6215617292564466
B,noche,3.352878747181771
B,noche,4.178291692913991
B,noche,3.399823711102918
B,noche,3.615921046067424
B,noche,4.0730150720710325
B,noche,3.111314257577047
B,noche,4.279394592248447
B,noche,2.7347692951283116
B,noche,4.3148210655564
B,noche,3.3136622080240126
B,noche,3.378650626087359
B,noche,2.5549949144085287
B,noche,3.2726026413111535
B,noche,2.980096734486558
B,noche,3.1961768273132636
B,noche,3.4313445171055603
B,noche,3.978895807236453
B,noche,3.603801675700313
B,noche,3.6538383267005567
B,noche,2.952240305577219
B,noche,3.059622955198635
B,noche,4.399362509175656
B,noche,3.1323994826183768
B,noche,4.328104126028648
B,noche,3.378469400559567
B,noche,3.501143968071752
B,noche,4.035182580114965
B,noche,4.135946210969328
B,noche,3.4445937198604564
B,noche,3.305878473239231
B,noche,3.472039775738893
B,noche,3.668978764116059
B,noche,3.9456518434348777
B,noche,3.502114929497076
B,noche,3.8094431490115768
B,noche,4.31917986613547
B,noche,3.6906548061323923
B,noche,3.6558264280023893
B,noche,2.7405445874549663
B,noche,2.1846349315854683
B,noche,3.6941878646150843
B,noche,3.452587884359564
B,noche,3.242608662542629
B,noche,3.6217651020931725
B,noche,3.469798135401546
B,noche,4.0638901253169495
B,noche,3.543055434129489
B,noche,3.1265383574649164
B,noche,3.9950831194796446
B,noche,3.391434462526899
B,noche,3.7632683418361537
B,noche,3.2612946469036
B,noche,3.175086557251282
B,noche,3.542084115092848
B,noche,3.5064143217718424
B,noche,3.7399135176834166
B,noche,3.3656771233451286
B,noche,2.581820108114801
B,noche,3.283613058205806
B,noche,3.896909233571908
B,noche,3.351311960378447
B,noche,3.376808298742726
B,noche,3.9931882529529688
B,noche,3.1440133863705384
B,noche,2.7285983908785503
B,noche,3.419684440237253
B,noche,3.2579130243756316
B,noche,3.016876840123373
B,noche,3.4123107720506547
B,noche,3.7457528236233917
B,noche,3.495355719216092
B,noche,3.653490536343119
B,noche,4.4067038492577115
B,noche,3.328560569221218
B,noche,3.6391743173223348
B,noche,3.2453933187004327
B,noche,3.0768201400565136
B,noche,3.207546173291115
B,noche,3.2606207142391557
B,noche,3.679737898773563
B,noche,4.6745378933503785
B,noche,3.14197828186208
B,noche,3.2916873471922687
B,noche,3.468438493444376
B,noche,3.6978994243548735
B,noche,3.6317754059773923
B,noche,4.142047896974058
B,noche,2.286803964732396
B,noche,2.306535064902164
B,noche,3.2520609139949253
B,noche,4.048650093771855
B,noche,2.717175984197202
B,noche,1.9961838301531214
B,noche,3.785589703109604
B,noche,3.6218286118513574
B,noche,2.954895796600285
B,noche,3.007230199639535
B,noche,3.0151281401826626
B,noche,3.55526765873697
B,noche,3.1868423619084965
B,noche,3.7470319594877597
B,noche,2.0726866685478047
B,noche,3.0715740674361003
B,noche,2.936973019544475
B,noche,3.371829660813754
B,noche,3.2309761207549306
B,noche,3.8989218899478835
B,noche,2.5703316141699712
B,noche,3.522745738165376
B,noche,3.7791682116058527
B,noche,4.428323718280978
B,noche,3.2591170144532624
B,noche,3.6622293021762586
B,noche,2.5980686037188176
B,noche,2.304021897843488
B,noche,3.92238718789085
B,noche,3.497219853175965
B,noche,4.089256344899211
B,noche,2.8132985555151255
B,noche,3.759951069764376
B,noche,4.434408920271927
B,noche,3.7098528041786327
B,noche,3.638290752795524
B,noche,3.5042780404121747
B,noche,2.714559271437044
B,noche,4.177786467855174
B,noche,3.194571180097467
B,noche,3.7522416281915083
B,noche,2.718482846714373
B,noche,2.91027016774611
B,noche,4.2175436996111175
B,noche,3.3263488555210787
B,noche,4.226637738021273
B,noche,3.460884670470741
B,noche,2.5790511135210714
B,noche,3.94603379986586
B,noche,3.2050538411221963
B,noche,3.849344406758522
B,noche,3.512605433770041
B,noche,2.7284408860285647
B,noche,3.5821473826852843
B,noche,4.5981115710764
B,noche,3.7464932292572297
B,noche,3.4712411234972684
B,noche,4.037671700978449
B,noche,3.6053342326015554
B,noche,3.604767115131397
B,noche,2.9541874139204487
B,noche,3.616924012894799
B,noche,4.017721708208472
B,noche,3.0819689239499874
B,noche,4.212247910623474
B,noche,3.454146987927437
B,noche,3.0561152442307296
B,noche,3.9988160384601223
B,noche,3.3566028821308653
B,noche,3.879757443743054
B,noche,3.3541206838707316
B,noche,3.470086928235048
B,noche,3.7467801021671456
B,noche,3.645448528795003
B,noche,2.5022341097741307
B,noche,2.939378129952804
B,noche,3.964704992395408
B,noche,3.4339317055492264
B,noche,3.238134348614289
B,noche,2.820712992371263
B,noche,2.960131839362076
B,noche,2.4891006800190265
B,noche,3.4493596406492335
B,noche,3.2007812097094765
B,noche,3.0167060545073423
B,noche,3.4659382874160234
B,noche,3.681985315426369
B,noche,4.546598966104972
B,noche,2.744058290218393
B,noche,4.079690521650261
B,noche,3.986550780507536
B,noche,3.1104536303116497
B,noche,3.6016179772930155
B,noche,3.2711833753311925
B,noche,3.5928442902093694
B,noche,4.254565506702275
B,noche,3.8028031163156566
B,noche,3.754304186616721
B,noche,3.2848453400226787
B,noche,2.7579716675378325
B,noche,3.395765894729796
B,noche,4.103304077431957
B,noche,2.736416071705176
B,noche,2.9724553159116525
B,noche,3.563133868117034
B,noche,3.0076726075763687
B,noche,3.1037382764423938
B,noche,3.2882007091359116
B,noche,2.8171912979049254
B,noche,3.012939076891816
B,noche,3.8517139583936544
B,noche,2.846315108884518
B,noche,2.7010639327525814
B,noche,3.1849875102330527
B,noche,3.8659777512549227
B,noche,3.4015390960015552
B,noche,3.267709460942191
B,noche,3.5221793987578036
B,noche,2.627146283570174
B,noche,3.747352826887516
B,noche,3.6917175157018223
B,noche,3.2953457629521394
B,noche,4.0029622558982085
B,noche,2.9362519505234808
B,noche,4.063954496626785
B,noche,3.5772468327976257
B,noche,3.3317237050609134
B,noche,3.4900631823158443
B,noche,3.446367617094529
B,noche,4.110141448208859
B,noche,2.961660436264493
B,noche,3.1187403804267007
B,noche,4.0181514460362395
B,noche,3.2022325324080705
B,noche,3.9502665386657956
B,noche,4.349717991504355
B,noche,3.299102486529183
B,noche,3.8406811632876527
B,noche,2.9231538593300708
B,noche,3.8773666490339047
B,noche,3.5997119929933836
B,noche,3.7365191410801075
B,noche,3.1772139639823025
B,noche,2.669458292216414
B,noche,3.7516260323747526
B,noche,2.468298423760273
B,noche,3.3413247538787325
B,noche,3.970590933209985
B,noche,3.595948867936518
B,noche,4.4741713223949064
B,noche,4.012554576290887
B,noche,3.173050805837212
B,noche,3.5136566899257193
B,noche,3.476314648727782
B,noche,2.7089116183269364
B,noche,3.0298005417578233
B,noche,3.21961954651007
B,noche,2.4818897485720317
B,noche,3.5237467341258215
B,noche,3.3754640776734797
B,noche,2.663553049344213
B,noche,3.702106432638666
B,noche,3.85793637234548
B,noche,3.6135172394324444
B,noche,3.3379659123955148
B,noche,3.795721075875927
B,noche,3.8401101802383457
B,noche,3.653701784859844
B,noche,3.0876938747826195
B,noche,3.6383003827555904
B,noche,4.097740325412739
B,noche,3.2016854706941347
B,noche,4.548969669566215
B,noche,3.2371845330073077
B,noche,3.516203506670068
B,noche,3.163757201996832
B,noche,3.61163541796013
B,noche,2.6288891536823624
B,noche,3.2269791005916395
B,noche,2.9539393998257166
B,noche,3.5676691739461455
B,noche,3.997223687754454
B,noche,3.8230030935572756
B,noche,2.314170319570554
B,noche,4.52103482646394
B,noche,3.647639970310434
B,noche,3.1117504297534997
B,noche,3.5785639594954706
B,noche,3.5880949112513463
B,noche,3.166575641524218
B,noche,3.5989583336710376
B,noche,3.196263856189846
B,noche,3.297819003654989
B,noche,3.156860432122458
B,noche,2.7836643551301736
B,noche,3.572918235107692
B,noche,3.792649718258169
B,noche,3.7574417980381862
B,noche,3.909962626317617
B,noche,3.662170105007434
B,noche,3.2336372508915483
B,noche,3.9198319322155943
B,noche,2.8212412300790324
B,noche,3.04966430874376
B,noche,3.0178999642883775
B,noche,4.040028029569655
B,noche,3.971394257070038
B,noche,3.743652618522497
B,noche,4.035964932605898
B,noche,3.060358608794006
B,noche,3.67429755993049
B,noche,3.437412785808418
B,noche,3.923441051942457
B,noche,3.4423878837239013
B,noche,3.3075285557949594
B,noche,3.770454259280495
B,noche,3.938084583595616
B,noche,3.1658274025765993
B,noche,3.469462164323812
B,noche,2.9707796831791735
B,noche,2.2509694912535303
B,noche,3.6002298157068644
B,noche,3.804452678127316
B,noche,3.6310334045433628
B,noche,2.5252191411228164
B,noche,3.324575284961763
B,noche,2.3908261199744594
B,noche,4.184850553827093
B,noche,2.956972708940957
B,noche,4.1277018047299485
B,noche,3.972934821842073
B,noche,3.049704823731969
B,noche,2.9336075243661277
B,noche,3.675185108193169
B,noche,3.0778379814084644
B,noche,3.551242321079104
B,noche,3.258586204596541
B,noche,2.6094207927671835
B,noche,2.3847659904377707
B,noche,3.6133421242472985
B,noche,3.2192211268346873
B,noche,3.2234550915429336
B,noche,3.847931919546893
B,noche,4.086721138316222
B,noche,3.3637276393190954
B,noche,3.3297006465450694
B,noche,3.750071516556942
B,noche,2.8215322151502122
B,noche,3.6115765273738485
B,noche,3.775942985911077
B,noche,3.8401151042088144
B,noche,2.5316236487487673
B,noche,3.1193223650955297
B,noche,3.0608683735882667
B,noche,3.5499434772046063
B,noche,3.740372289883992
B,noche,4.248355203722991
B,noche,3.2525172598159635
B,noche,3.251213750845393
B,noche,4.074836009439373
B,noche,3.6482884692651525
B,noche,4.133825755593987
B,noche,3.6443640015049183
B,noche,2.9214416906433645
B,noche,2.8334358226110967
B,noche,2.7242438754705356
B,noche,3.8310259173792365
B,noche,4.094298411543504
B,noche,4.4246810706931905
B,noche,3.9215526661616202
B,noche,4.081419288767493
B,noche,3.2099918336731577
B,noche,2.9217920916280717
B,noche,3.9250396662087765
B,noche,3.7088403761197
B,noche,3.5537221871704463
B,noche,3.693685740316495
B,noche,3.6615927412291027
B,noche,4.14190842992678
B,noche,4.147492792408478
B,noche,3.7721101761701736
B,noche,3.9229014362814643
B,noche,3.757031276212388
B,noche,3.2694151339826907
B,noche,3.87828233745657
B,noche,2.8027524655703693
B,noche,4.026945776147942
B,noche,2.9027385301169826
B,noche,3.6429016433973667
B,noche,3.0774230207869206
B,noche,3.7766944915372136
B,noche,3.4830373870360454
B,noche,2.7026220209183336
B,noche,3.7103498155092396
B,noche,3.2110396115836446
B,noche,3.9405733604066846
B,noche,3.5006628443672034
B,noche,3.697710492694019
B,noche,3.021215522492394
B,noche,3.2053338842863193
B,noche,3.270680681949458
B,noche,3.9283512401212777
B,noche,4.3386885439027445
B,noche,3.0974141241285618
B,noche,4.03842407232884
B,noche,2.415161291137149
B,noche,2.902905299453855
B,noche,3.0206107719066124
B,noche,2.8237456552796387
B,noche,2.70820580510621
B,noche,3.7064994560688986
B,noche,3.3929661511360694
B,noche,3.689702698802555
B,noche,3.8452363430607566
B,noche,3.6328084965862666
B,noche,3.8288815880751867
B,noche,3.465233856878865
B,noche,2.906503305847128
B,noche,4.028907090410398
B,noche,3.2054439336094367
B,noche,3.032201850618787
B,noche,3.411041062097801
B,noche,3.0435945403517435
B,noche,3.2912848090052838
B,noche,3.672026960781733
B,noche,3.6741708696230635
B,noche,3.0510849667871853
B,noche,3.2561473135256276
B,noche,4.037166502385122
B,noche,3.7482000588669706
B,noche,4.53753251967427
B,noche,4.090064086870764
B,noche,4.07214653427997
B,noche,2.806065724772099
B,noche,3.881930175816711
B,noche,3.473446599151545
B,noche,3.2245090982308753
B,noche,3.5840076702662644
B,noche,3.9726057673057418
B,noche,3.750415795502106
B,noche,3.06076309932897
B,noche,3.87122945679631
B,noche,3.181206228962018
B,noche,3.608341559482143
B,noche,3.348324966261433
B,noche,3.3905668741321873
B,noche,3.883121487520255
B,noche,2.979903140092051
B,noche,4.4725975371384665
B,noche,2.5894569653527517
B,noche,3.2011661583725717
B,noche,3.6851059449708705
B,noche,3.792157083217655
B,noche,3.4497621397141476
B,noche,3.471304648499229
B,noche,3.7052750426638084
B,noche,3.38446526127116
B,noche,4.196590628967453
B,noche,3.919674557115801
B,noche,3.9364121755028174
B,noche,3.0169216383147917
B,noche,3.4603057877971484
B,noche,3.349767025639648
B,noche,2.997199312155267
B,noche,3.6800820919728836
B,noche,3.231177121110092
B,noche,3.8277019149251186
B,noche,2.9649042185528343
B,noche,4.359520306420911
B,noche,3.051833670703969
B,noche,3.609651168600218
B,noche,3.895929655194034
B,noche,3.2146797848999435
B,noche,3.9262343217164752
B,noche,2.885408201099792
B,noche,4.22605884959128
B,noche,3.507074632482879
B,noche,3.20179429601556
B,noche,3.3504091137862826
B,noche,3.9044596346963596
B,noche,3.207772354074781
B,noche,3.1253211552886113
B,noche,3.3892317012081308
B,noche,2.911518943615016
B,noche,4.410271953970907
B,noche,3.2168027043926384
B,noche,3.915808393090202
B,noche,3.6047350418238864
B,noche,3.007732974759016
B,noche,3.4970226453936353
B,noche,3.8920013896553742
B,noche,3.4058693324568465
B,noche,4.0965564729255135
B,noche,4.010757696390932
B,noche,3.9594574273291645
B,noche,3.2701716138635017
B,noche,2.9600787761092566
B,noche,3.193206197318603
B,noche,3.59812047033336
B,noche,3.7728933567661778
B,noche,2.4142142976197762
B,noche,3.495943399194125
B,noche,3.5790446126615922
B,noche,3.361227871842224
B,noche,4.14563691950794
B,noche,3.7108900371254356
B,noche,4.155095954040449
B,noche,3.392019739824884
B,noche,3.9687387462534627
B,noche,4.31753319726376
B,noche,4.155846724636331
B,noche,2.9539292032856332
B,noche,3.3731619612288095
B,noche,3.3274176472751016
B,noche,3.744627267538164
B,noche,3.8431767775072667
B,noche,3.080553662987132
B,noche,3.5339192569584688
B,noche,2.490036333921932
B,noche,4.220972502900945
B,noche,3.243812879661653
B,noche,3.5279319699222484
B,noche,3.3451751430059695
B,noche,4.073013787506707
B,noche,2.0812467793013107
B,noche,3.4916948288370455
B,noche,3.447090621251151
B,noche,3.2731818062041587
B,noche,4.363113272817817
B,noche,3.0563352705721143
B,noche,3.8858980886178305
B,noche,3.6781263943530416
B,noche,4.130759626267758
B,noche,3.1664054576112473
B,noche,3.1335155504381205
B,noche,4.048034953738699
B,noche,3.712660654165055
B,noche,2.727531326661621
B,noche,3.230347492768365
B,noche,3.6931913269240306
B,noche,3.9188821107732945
B,noche,3.1603846734035224
B,noche,2.0428720050915294
B,noche,3.7616115928685168
B,noche,2.889839655028012
B,noche,2.4913306009387943
B,noche,2.0838370375079296
B,noche,3.9069904300988707
B,noche,3.5643087252024834
B,noche,3.387171809643874
B,noche,4.194512181481381
B,noche,3.818662341511536
B,noche,4.308150021360959
B,noche,2.803632263916502
B,noche,3.4827246880230183
B,noche,2.6916433125259926
B,noche,3.3853088340722666
B,noche,3.3756920731166615
B,noche,3.8133068186315353
B,noche,3.5227819405709493
B,noche,3.811703569139958
B,noche,3.851720066569447
B,noche,4.577464338691571
B,noche,3.342351672356938
B,noche,3.0294886496668103
B,noche,3.6230418076582045
B,noche,3.098859986430228
B,noche,4.240980384218268
B,noche,3.3583909805273837
B,noche,3.217211816063005
B,noche,3.264342139424441
B,noche,3.8592087117358203
B,noche,3.4211265083842575
B,noche,3.179166589934809
B,noche,4.332675958811765
B,noche,3.071915079669125
B,noche,3.5177830370164966
B,noche,3.826153075805115
B,noche,2.6843324447914636
B,noche,3.7401302507029626
B,noche,2.972446162259775
B,noche,3.911391390417001
B,noche,3.018674494040512
B,noche,3.8463845159244303
B,noche,4.052916533147356
B,noche,3.9307182628164026
B,noche,3.625658324119051
B,noche,3.38434952853515
B,noche,3.211790211832578
B,noche,4.235517345408552
B,noche,3.1502523899161785
B,noche,2.981466963215002
B,noche,3.832684467516415
B,noche,3.101931598406752
B,noche,3.0249682512669365
B,noche,2.7781978689151177
B,noche,3.2585450802697413
B,noche,3.4586424880517534
B,noche,3.6215458638303493
B,noche,3.9756531221497418
B,noche,3.763448961832897
B,noche,3.40456389022341
B,noche,3.4009021618101403
B,noche,3.7550787344575918
B,noche,4.136285081464285
B,noche,3.5631570997416
B,noche,3.2654345728947956
B,noche,3.0035669994572274
B,noche,2.7773973677938875
B,noche,3.8331348360217614
B,noche,3.7889892618197787
B,noche,3.7886817625533307
B,noche,3.435670276823972
B,noche,4.203467372945875
B,noche,3.257940752707591
B,noche,3.9776346186036027
B,noche,3.4806285525052285
B,noche,3.1958246176603313
B,noche,3.7962651536588807
B,noche,3.704818059341997
B,noche,3.6784863796334633
B,noche,3.5406392110280995
B,noche,3.4810534591415845
B,noche,4.69418599643522
B,noche,4.092128322598087
B,noche,3.861413447492756
B,noche,3.5558995791016943
B,noche,4.003578600298335
B,noche,3.758997388195726
B,noche,3.513102376387018
B,noche,3.3482178373670424
B,noche,3.459541331168656
B,noche,1.9147871320609722
B,noche,3.6053004196488208
B,noche,3.25576195994482
B,noche,4.296334999141442
B,noche,3.509672035405877
B,noche,2.905518290232519
B,noche,3.4750599229359413
B,noche,2.976939457468748
B,noche,3.736703707856233
B,noche,3.645473682169743
B,noche,3.978919815554134
B,noche,3.104559104152717
B,noche,3.517004048114073
B,noche,2.8174891022866824
B,noche,3.8507473909623573
B,noche,3.759435590220061
B,noche,3.7479025105137853
B,noche,3.5008095156784704
B,noche,3.7073864453943957
B,noche,4.302169554154299
B,noche,3.357452871478993
B,noche,3.5693225918550424
B,noche,2.956936850409295
B,noche,3.0658695192008336
B,noche,3.5489066465466537
B,noche,4.051966773350953
B,noche,3.371859587874214
B,noche,3.382041735343938
B,noche,3.2965573777478125
B,noche,3.2326216645778385
B,noche,3.6474857278544106
B,noche,2.751371177410678
B,noche,4.140469788333363
B,noche,3.16728885093527
B,noche,3.8609517427190707
B,noche,2.865000701303062
B,noche,3.8344200652731093
B,noche,3.8359723039072486
B,noche,3.6921010360029483
B,noche,3.002785739100104
B,noche,3.6247740947990383
B,noche,2.9084719076328054
B,noche,3.373618372451907
B,noche,4.014706550477663
B,noche,3.8983509635353712
B,noche,3.5075914712702168
B,noche,3.012596712038579
B,noche,3.8227938560870967
B,noche,3.5096906188490125
B,noche,2.3398422008847883
B,noche,3.891314913158259
B,noche,3.487883583065154
B,noche,4.101225623991536
B,noche,2.9523647405785978
B,noche,1.9116480934019997
B,noche,3.6395419291725926
B,noche,3.6457818383409863
B,noche,2.654664186196774
B,noche,3.010750227066697
B,noche,4.877608871859951
B,noche,3.3471946929230985
B,noche,3.8654794881881083
B,noche,3.174670086315808
B,noche,2.4548485505734217
B,noche,3.4148708766020475
B,noche,3.3671977198569474
B,noche,3.3000608806658143
B,noche,3.4426795822468037
B,noche,3.632134135822818
B,noche,3.4249415243730965
B,noche,2.867996916026318
B,noche,3.7430923957809696
B,noche,2.5253141223387883
B,noche,2.4748212713579
B,noche,3.869590247350784
